,hurst_exp
128,0.3218908206696627
129,0.32183396504442285
130,0.32089996367653506
131,0.32280248883349605
132,0.32547474714212093
133,0.32841344705170467
134,0.3332651021132252
135,0.3371336874623897
136,0.33769200074646477
137,0.33952613188015635
138,0.3409351301779827
139,0.34107695323747483
140,0.33409137835999003
141,0.32806416508698494
142,0.3236359914358662
143,0.3168643745788036
144,0.3114617438841846
145,0.3090635839622465
146,0.307097189422976
147,0.303865955665261
148,0.30209184969251385
149,0.296672754295866
150,0.28854232913138717
151,0.2789296946821757
152,0.2666434131011164
153,0.25490692249508506
154,0.24248743519469876
155,0.23449122019136276
156,0.2285787582959964
157,0.22824413143477995
158,0.2315880289375136
159,0.23754576514137182
160,0.24378081420681752
161,0.24800979092899508
162,0.2553117171102118
163,0.262327422447684
164,0.27204950001772904
165,0.28269563168769274
166,0.29233139872003744
167,0.3030241731026234
168,0.31541689004980555
169,0.32758025339088354
170,0.33587339240632885
171,0.3421095256373285
172,0.35038514485792155
173,0.36024689737534177
174,0.37126647848244076
175,0.3813639980180203
176,0.3886021044179821
177,0.3952397505843286
178,0.4014769903898463
179,0.4066026257033962
180,0.4117731404515796
181,0.41605033742803044
182,0.41851059578286726
183,0.4221357881199566
184,0.4252221868262921
185,0.4278518024862916
186,0.4312067586710376
187,0.4331429408150573
188,0.43459734932312055
189,0.4372890397425656
190,0.440183204586506
191,0.44186149950500925
192,0.4438361153538915
193,0.4457310952077761
194,0.4484102137026574
195,0.45026163463540486
196,0.45416469964360373
197,0.4572382797090737
198,0.45991950693055905
199,0.4633127916669375
200,0.46040616904906184
201,0.45661852626520394
202,0.45195459177038255
203,0.4468823193510725
204,0.4417451062516249
205,0.4378132705851615
206,0.4328050352560831
207,0.42627856335599384
208,0.4191299037620238
209,0.4129317693848982
210,0.4030310250272923
211,0.3940932506515102
212,0.38336386750643237
213,0.3728333727793753
214,0.36224319512515607
215,0.3523203766534312
216,0.3416804468148293
217,0.3295290167824609
218,0.3179003501179657
219,0.3062083123320835
220,0.29394579345829874
221,0.2840321070526681
222,0.27663350622986027
223,0.2678682782282142
224,0.2606392690169585
225,0.25603352233979343
226,0.25007357379780937
227,0.2346603211901587
228,0.21761241878481632
229,0.21005607459143172
230,0.19818835037753885
231,0.18176110102336718
232,0.164163262312261
233,0.1518464615627752
234,0.14003627507264216
235,0.13025284530403827
236,0.12004081108306873
237,0.11120123553257118
238,0.10737193292327359
239,0.11165471996342304
240,0.11197951037608155
241,0.10122273544610073
242,0.09322277297879855
243,0.09108156026691777
244,0.08997314169664
245,0.08540386090073591
246,0.0864576727540572
247,0.08861738203892416
248,0.08684333522703248
249,0.09456439182664922
250,0.10143752170936239
251,0.09719123236153754
252,0.09646051968136563
253,0.0991271137152622
254,0.10707361479290231
255,0.11816151178546212
256,0.13187182711339718
257,0.1435573566889233
258,0.15598802933521602
259,0.1660088990825189
260,0.1737392895130481
261,0.18317003828470493
262,0.19109562436935418
263,0.20164639996147699
264,0.21189652570809092
265,0.21470403871547458
266,0.2273896710396019
267,0.23696441457131934
268,0.24740508919283496
269,0.2548010492153492
270,0.25652097797593326
271,0.2575525068343819
272,0.257389150140105
273,0.25693824366155094
274,0.2583582611986814
275,0.26062722079738754
276,0.26360439366610533
277,0.26743627504095946
278,0.2696656353116213
279,0.26967525515240576
280,0.2663458197870469
281,0.2635324247171299
282,0.26225718276768556
283,0.2598653003028177
284,0.26052416955863233
285,0.2618158702456469
286,0.26552497508813416
287,0.2664076813204404
288,0.25206838813981514
289,0.24252640103153192
290,0.2381390210870859
291,0.23629797551862214
292,0.23934275976516173
293,0.24512227431407094
294,0.2521370880942076
295,0.2570404749168985
296,0.2638656230207199
297,0.27035776158690966
298,0.2792796158463511
299,0.28569884282744
300,0.2918166235641122
301,0.2995229244364773
302,0.3034858590902145
303,0.3042165618829455
304,0.2933241016923952
305,0.284828809590126
306,0.27748757588789685
307,0.26989786554117595
308,0.26639894958456956
309,0.2634571938612098
310,0.2599483603669363
311,0.2577947901508055
312,0.2562910836966364
313,0.25137795748380243
314,0.24652056927227844
315,0.24032455275027095
316,0.23394469332008716
317,0.22711817779288568
318,0.22423677259142566
319,0.2206525405713651
320,0.2156351346965979
321,0.20818292771514502
322,0.2014302505714254
323,0.19519756345824765
324,0.19153824755531346
325,0.18819057741685138
326,0.18636535509820762
327,0.1841371628792581
328,0.18342310457918162
329,0.18388061464321476
330,0.18525111445607567
331,0.18657047588091433
332,0.18898959234837984
333,0.19417252678764235
334,0.20211101213777996
335,0.20855424371336576
336,0.2162322179152588
337,0.22366619472976396
338,0.23054198713273047
339,0.2317477069270937
340,0.2374945787480909
341,0.2436237606789782
342,0.24960060562508687
343,0.25935803128058366
344,0.2682886269115427
345,0.28000317374179245
346,0.2924344906490842
347,0.30515059992870164
348,0.31749387070983054
349,0.3250013563421974
350,0.3358870333245674
351,0.34765139426302233
352,0.36161482093696085
353,0.37530080891455914
354,0.3876862904282693
355,0.3998452719927598
356,0.40864736931465667
357,0.41139704250619624
358,0.40264727515521265
359,0.4027642672602974
360,0.40163369159921375
361,0.39626957482696057
362,0.395640728826209
363,0.39441603429100247
364,0.39270163587443707
365,0.39024138530719166
366,0.3876399156165229
367,0.38217151931878884
368,0.3758919802118027
369,0.3666098609014525
370,0.3568181586140908
371,0.3468339073239351
372,0.33946834946810883
373,0.33250034124729927
374,0.32708797543871854
375,0.3202040957106045
376,0.31096849948823907
377,0.30209889202380036
378,0.2941131208513305
379,0.28669579656736316
380,0.2800863841555795
381,0.27587450349907083
382,0.2675737355063687
383,0.2588955696029216
384,0.2515791009409079
385,0.24257300002581123
386,0.23299395803054845
387,0.2231817663877133
388,0.21639596347919032
389,0.2107734100186039
390,0.20748962327179224
391,0.20722675974606708
392,0.2093126512397807
393,0.21085355797009311
394,0.21822475145768438
395,0.22981282426262012
396,0.24174293430252
397,0.2516937985727414
398,0.26557577609064287
399,0.27438890403295646
400,0.2800216683665702
401,0.2811685275731957
402,0.29266334366216923
403,0.3028663804329589
404,0.31376517579896973
405,0.3271177916226748
406,0.34076116409812546
407,0.35450689470807756
408,0.3641572339474484
409,0.37383278056567737
410,0.3840204242835676
411,0.39235388139253324
412,0.4021648633625481
413,0.41009970282854386
414,0.42209689808694784
415,0.43605015261110597
416,0.43736095748439147
417,0.4398833306712446
418,0.4391864963672162
419,0.43270929042631084
420,0.4286520409918923
421,0.424670236641877
422,0.42189958635819214
423,0.4198627055075288
424,0.41697428030928585
425,0.4138545536797368
426,0.40668344711786236
427,0.3997442704394685
428,0.39369545339270645
429,0.3810017829446205
430,0.36629258072643545
431,0.3551742441144162
432,0.34666871616328804
433,0.33939019856896885
434,0.3328224881112742
435,0.32665571873589444
436,0.31884286600900447
437,0.30904410561023027
438,0.30079339837001895
439,0.2933587221607758
440,0.28684410753287004
441,0.2827505997562568
442,0.27944249847896363
443,0.27814069159152527
444,0.2775610560096227
445,0.27739343927287646
446,0.27842710809271515
447,0.27863981031037416
448,0.2771035233846963
449,0.27776463266587426
450,0.2788524220356304
451,0.26981261117304356
452,0.2626635350794759
453,0.2615530421627047
454,0.26004979571625547
455,0.2595179524103799
456,0.2654892478969528
457,0.27232335779754985
458,0.27803515966998454
459,0.28661672219245926
460,0.28807099920929624
461,0.2896571256398986
462,0.29010352664775896
463,0.2941578386209397
464,0.28995916583368764
465,0.2857965640914748
466,0.27826365112565277
467,0.2705547788446248
468,0.26978922853146675
469,0.26812900474204243
470,0.265329708899996
471,0.2617135742178742
472,0.2567977855560714
473,0.25169655567138405
474,0.24642711089894767
475,0.24209030159112846
476,0.2394368823002243
477,0.2391145009451583
478,0.23282875802269737
479,0.2263230797603328
480,0.21682879391546325
481,0.20923824777906475
482,0.20228275575759302
483,0.1932466387619773
484,0.18281769282800542
485,0.17507473571829701
486,0.17113913625697535
487,0.16885584165997192
488,0.16548880739301183
489,0.16624017910418493
490,0.16577582244843372
491,0.16782354797830676
492,0.1691284133716557
493,0.17204392639717392
494,0.1744652526485151
495,0.1751146110934681
496,0.17317520645016057
497,0.17380321567205217
498,0.17960618142204632
499,0.1857165642117269
500,0.19250238671399528
501,0.20171901364680728
502,0.21061996139445574
503,0.22103971495717786
504,0.23005179652345653
505,0.24011642248727658
506,0.24812079617632812
507,0.2538164321572406
508,0.2622838035388824
509,0.2679888790077573
510,0.27525185619655096
511,0.28227995217618274
512,0.28973189639126895
513,0.2976809032562817
514,0.3064560074233397
515,0.31647076437922683
516,0.3231794310992823
517,0.334154029432341
518,0.3390946544728978
519,0.3446816004669978
520,0.3453233599848094
521,0.34030406106347394
522,0.33383260358785594
523,0.32763799841552954
524,0.3244880325529959
525,0.3213177393540622
526,0.3151009647869227
527,0.3120564165705506
528,0.30979556685126397
529,0.3114846444097465
530,0.3028944585443174
531,0.2968087455285979
532,0.29062760559056333
533,0.27973168427653944
534,0.26575340224042115
535,0.2528347030178447
536,0.2425588688748156
537,0.2302097467953424
538,0.2167421283290022
539,0.20638824191906022
540,0.1969936135687532
541,0.19269561114393013
542,0.18578868876422838
543,0.1748010198019919
544,0.16758369157339867
545,0.1611997933208069
546,0.15718854838311652
547,0.15705184158950544
548,0.15092340734771884
549,0.14574842748464584
550,0.13607471758205333
551,0.127147718783057
552,0.12068083521628471
553,0.11169019081342922
554,0.10545843296673217
555,0.09879768324101623
556,0.09094541694321741
557,0.08780674387495224
558,0.08626191466762248
559,0.08328961720444124
560,0.08022130854958424
561,0.07704604249558436
562,0.07868662635838429
563,0.08195318058448464
564,0.08794728017051039
565,0.09684966639770712
566,0.10743333310708131
567,0.11697497399476835
568,0.12520126995713593
569,0.1354811176261485
570,0.14074087909281627
571,0.1460366206086038
572,0.15327008215256405
573,0.16561336791641493
574,0.17793520455961584
575,0.19253338039218995
576,0.20540538566853625
577,0.2160519195157639
578,0.22562515129487837
579,0.23568797694565338
580,0.24608463143106807
581,0.25535261493635175
582,0.2638882239616909
583,0.2716883472768719
584,0.28107472942637995
585,0.2907101544532318
586,0.30007711965742445
587,0.3116909399284735
588,0.31884290163617207
589,0.3263194326267479
590,0.332317660973061
591,0.341153935341102
592,0.34764715728862555
593,0.3544085744353619
594,0.36225075761818853
595,0.3704817677941848
596,0.3777452820613442
597,0.38359667822508087
598,0.38677547269874574
599,0.39034724726645653
600,0.39283700272182814
601,0.39650598249748575
602,0.4037182936070722
603,0.40897296367474467
604,0.42153789532393143
605,0.42883272149967355
606,0.4287875110229643
607,0.4284724605650471
608,0.42811933105209926
609,0.4256512121607275
610,0.4242864872980841
611,0.41883082622116624
612,0.4084060306662077
613,0.39866553380483827
614,0.3889664748462299
615,0.38115620383429943
616,0.37167392652056586
617,0.3608390876628706
618,0.3516069550629745
619,0.3449058606122181
620,0.3369406616293609
621,0.3302372205726373
622,0.3225507296151448
623,0.31108483698972184
624,0.2988661833732314
625,0.2878299184313691
626,0.2792278445091183
627,0.2742869215710192
628,0.272252681424639
629,0.2750188692619893
630,0.2769251111857407
631,0.2862557767367084
632,0.2951570986572383
633,0.30852612991834033
634,0.32307856382166195
635,0.3406560729008271
636,0.35460574620775176
637,0.3680695256734922
638,0.37957229511160717
639,0.39067034086838187
640,0.39688323679797727
641,0.4022896473205997
642,0.414771609759122
643,0.42332716712220975
644,0.43320519163118215
645,0.4411735029702371
646,0.44295928741658464
647,0.4482515677874072
648,0.4541660290916483
649,0.4613966593119033
650,0.4677518894425307
651,0.47034255066883796
652,0.4721458541972923
653,0.4701590238070931
654,0.46623865538139075
655,0.4653817791650856
656,0.4646177196326292
657,0.4630699653489946
658,0.4621605695156553
659,0.46096724590467847
660,0.4592526546203263
661,0.4573589324917155
662,0.45609047114871865
663,0.45331112716155636
664,0.45191037089325414
665,0.4528816317363844
666,0.4567740085197019
667,0.4609845543559315
668,0.4636805383221525
669,0.4581915852096117
670,0.4529892357823569
671,0.4434336864012749
672,0.43631392608316455
673,0.4250004123849174
674,0.4086905869906481
675,0.3907912260108831
676,0.37927920097927176
677,0.36604831272746086
678,0.34771525122153324
679,0.3286020323894187
680,0.29739972247872826
681,0.28100681032759667
682,0.25804914965704123
683,0.23955905450991707
684,0.22350024757488357
685,0.20949844059382225
686,0.19635784776142845
687,0.18037279794052222
688,0.1490607573612829
689,0.12808685226230646
690,0.11849476033492791
691,0.10720622850994635
692,0.09878205816125397
693,0.09607221981550858
694,0.1023732415197975
695,0.1128447007830766
696,0.13446798404060237
697,0.1564583810960678
698,0.16279183944498868
699,0.1704615067685461
700,0.19604423587562225
701,0.21286630422300376
702,0.22969262018175862
703,0.2374303181200746
704,0.25048058847511717
705,0.27025455778524266
706,0.2874664416347382
707,0.30652874140575664
708,0.32643830130715185
709,0.33497715138896167
710,0.3435122285993239
711,0.3479568352844915
712,0.3491610544974409
713,0.3513289638433225
714,0.3472604275642635
715,0.3516228921523118
716,0.3592217562610025
717,0.364763524136646
718,0.371026280996669
719,0.377772629363369
720,0.3856832034539633
721,0.39027222223959257
722,0.3964243616667831
723,0.40290736617380013
724,0.4089748925939262
725,0.41555475845491063
726,0.4199821827333494
727,0.42544447627248877
728,0.42633335013207513
729,0.42584565820452636
730,0.4220068220090272
731,0.41762289426325067
732,0.4190174845369043
733,0.4179548675487831
734,0.4147522112868609
735,0.4128398413769339
736,0.41081816639205415
737,0.40353376589694123
738,0.3983462842388739
739,0.3927224282224846
740,0.3875112283410882
741,0.38214367251133985
742,0.37820204679738817
743,0.3735473017344842
744,0.3690146425525139
745,0.36473003787038827
746,0.36142918511795624
747,0.3561141518671172
748,0.3510466149687439
749,0.3464505245539856
750,0.3435438662181753
751,0.33721822529014395
752,0.3313075904641862
753,0.32772210769180476
754,0.3273790149815667
755,0.32701530330578377
756,0.33014766813569113
757,0.33302688553030907
758,0.33951071443794156
759,0.3437184867699896
760,0.34692007469750125
761,0.3502599888850679
762,0.35209803295666864
763,0.355609073700059
764,0.35989393411726117
765,0.36077296464247127
766,0.36533315369571323
767,0.36939443571576636
768,0.37411466388034503
769,0.379114503956126
770,0.3847800015465393
771,0.3907671217091328
772,0.3969506172552198
773,0.40059495252467237
774,0.4036069050439917
775,0.40781757695299037
776,0.4123209237721416
777,0.41803798301928513
778,0.421750764600172
779,0.4251326335882841
780,0.42865346313371855
781,0.4303065515251172
782,0.43140660522909147
783,0.4325418167250102
784,0.43151338515381255
785,0.4297631421836642
786,0.4271373664970907
787,0.42475768598396535
788,0.4215072398879159
789,0.41867462817922896
790,0.414209848454552
791,0.4073409489348649
792,0.40112000846860524
793,0.39267739131776597
794,0.38293710449228824
795,0.3722137941178994
796,0.3617713305032461
797,0.35108176621727283
798,0.3399130935701565
799,0.3307185468062276
800,0.3197403684552133
801,0.3043611628678728
802,0.29240077627219085
803,0.27956742471335405
804,0.2637636974015419
805,0.2460963540514365
806,0.23454255430593324
807,0.22066371181300248
808,0.2126713185655463
809,0.1981622624743906
810,0.17826209887569625
811,0.1621003988039554
812,0.14806803482007877
813,0.13379383421924038
814,0.11650958228891271
815,0.09607579870374368
816,0.08864516633785362
817,0.0751828516478688
818,0.06377280600717689
819,0.05862470777182611
820,0.05813958250793329
821,0.06376832774297254
822,0.07109745999998429
823,0.07697086168599218
824,0.08340601050406858
825,0.0914098373574537
826,0.10358710138287132
827,0.10997122833974864
828,0.11738242370755236
829,0.12462814835495852
830,0.13279828923552756
831,0.14529745642840283
832,0.15519612225317925
833,0.16349715222138353
834,0.17487127003527883
835,0.1875906148644143
836,0.2035156425711102
837,0.21813522586084283
838,0.23263875269260512
839,0.24794892341146338
840,0.2624456467532833
841,0.279395420791713
842,0.29970362889043933
843,0.315491144041003
844,0.32592613396179865
845,0.3403336978777658
846,0.35344384970106285
847,0.36798612068995235
848,0.3796260640189634
849,0.39582979228010207
850,0.4068182289804032
851,0.41680914200346014
852,0.4298506049845243
853,0.43918606151547096
854,0.46008860403355806
855,0.47391584181434626
856,0.4822509688011818
857,0.4894408797544503
858,0.4960449203822522
859,0.5006195653197498
860,0.5094456792776654
861,0.5132392055503817
862,0.5142934904247225
863,0.518169397830135
864,0.5170100377070024
865,0.5137405055560607
866,0.509235795389561
867,0.5023825125310628
868,0.4969730985805148
869,0.49164547781841217
870,0.48708678472274014
871,0.4773567172229052
872,0.46748977506832484
873,0.45910492315144547
874,0.45070999633072284
875,0.44352610152893057
876,0.43766668573369927
877,0.43144712749663333
878,0.42470926000706105
879,0.4185113388133578
880,0.4088414390066055
881,0.3963505643028897
882,0.38133726610510077
883,0.36730630283461635
884,0.3534881208155442
885,0.3404152012986481
886,0.32760336256973505
887,0.31325870048434556
888,0.2999264726128147
889,0.2875886795430612
890,0.2776410962186794
891,0.26844455173438597
892,0.25845719853997756
893,0.2533721138516407
894,0.2434858563943497
895,0.23618797034170952
896,0.2294763922655507
897,0.22326978751245008
898,0.21541476088626454
899,0.2063229031571678
900,0.19887720820062804
901,0.1943889874650303
902,0.19139907770721876
903,0.18814951725354825
904,0.18677864193936325
905,0.18523812605374182
906,0.1855879241916094
907,0.18830810771060558
908,0.19198712511537439
909,0.19854922270081202
910,0.20821559403648113
911,0.21933128322304393
912,0.22619825890096745
913,0.23411658486425
914,0.24075630275673096
915,0.24634473242753335
916,0.24781282378631048
917,0.25744705221649267
918,0.2669601468068395
919,0.27458002098677853
920,0.27589159014608516
921,0.26485847031018284
922,0.2514703172217178
923,0.24221726056150045
924,0.22672019262071902
925,0.21065622763870115
926,0.19248629861300115
927,0.17927694480810277
928,0.16514936585946774
929,0.15690897051868852
930,0.15008713656604106
931,0.14595954991491794
932,0.14709948216399932
933,0.1532483031829244
934,0.15727548770023866
935,0.1607748483938866
936,0.1677232115803197
937,0.16989150050589377
938,0.17107303441337152
939,0.1795531588917453
940,0.18430942305872694
941,0.1880903325640199
942,0.18630627549699733
943,0.18315750175221807
944,0.18312702241366013
945,0.18410051798218166
946,0.18394154618031172
947,0.18607789223525958
948,0.18597607629597282
949,0.18127141297178137
950,0.17538166846612754
951,0.1718837203493627
952,0.16670574897718546
953,0.16075581314086065
954,0.15335375999527923
955,0.1528851377577806
956,0.14969781827861248
957,0.14919545639735354
958,0.14801481767286734
959,0.1449357106278646
960,0.1455675046509823
961,0.14952546236954473
962,0.14982967074204234
963,0.15530332695688492
964,0.15954574949699413
965,0.15820723614203502
966,0.15872916499478174
967,0.1541576968050741
968,0.1515546068943857
969,0.14321190244069495
970,0.13838638296731193
971,0.13368231575619685
972,0.1343619018589322
973,0.13407530872834905
974,0.1331319703518631
975,0.13054171931303113
976,0.12934560564819605
977,0.13067889059994775
978,0.13393119100064882
979,0.13627872736382585
980,0.13716745281467477
981,0.14067477147696575
982,0.14554028909696973
983,0.14857360001813766
984,0.1491415411366961
985,0.15048658657409292
986,0.15443565971465348
987,0.1580633258926534
988,0.1629441070007913
989,0.17016127365433525
990,0.17800219770717027
991,0.18569345883881497
992,0.19495646744464065
993,0.20470111429261476
994,0.21102723687680183
995,0.21472680224195664
996,0.21884900040361943
997,0.22388223188454526
998,0.22753382276400258
999,0.2239410355152406
1000,0.22010998900601358
1001,0.2159984106123909
1002,0.21591503496682032
1003,0.2157754308173017
1004,0.21856491982979184
1005,0.2196744404029133
1006,0.221869938774527
1007,0.21380998726700948
1008,0.20634946046459762
1009,0.19275585978789955
1010,0.1778448725053643
1011,0.16288742467654407
1012,0.14670586617091733
1013,0.13383094651450164
1014,0.12064614234488064
1015,0.11246808627624817
1016,0.1057997304308623
1017,0.09701783947851855
1018,0.08749220272159271
1019,0.0764564357739148
1020,0.06633488013612897
1021,0.0627369883581549
1022,0.059644450055173825
1023,0.06015933747294432
1024,0.0629523458198121
1025,0.062851249141541
1026,0.061994818187554625
1027,0.06451918343639096
1028,0.08084561558370697
1029,0.09589286116700832
1030,0.11420471905196793
1031,0.12726799465892666
1032,0.14218585699058262
1033,0.15262105815474478
1034,0.16285088897413405
1035,0.1671957376744509
1036,0.1715237903480758
1037,0.1721688835608304
1038,0.17073990662905306
1039,0.1703948444874643
1040,0.17368323459768104
1041,0.17467803838636742
1042,0.17782471138296913
1043,0.18068324502431887
1044,0.18133484307132355
1045,0.18164843578612216
1046,0.1831295765452282
1047,0.18439004174439097
1048,0.18050856743010135
1049,0.17350544704471402
1050,0.16684028831369918
1051,0.16089432547621121
1052,0.1559221809197274
1053,0.15233798984481786
1054,0.1497984433061389
1055,0.1479321283810123
1056,0.14635440821633824
1057,0.14597868159545122
1058,0.1459393425406104
1059,0.14748271167131113
1060,0.14926756655493853
1061,0.15170877476126252
1062,0.1540396956096324
1063,0.15827391611893604
1064,0.1615017535752104
1065,0.1634483405055288
1066,0.16426051559572702
1067,0.16962975249299378
1068,0.17630121279339908
1069,0.18203486736432645
1070,0.18269592996938025
1071,0.18474882565877865
1072,0.18916784458261507
1073,0.19532546349920732
1074,0.20233564244773855
1075,0.2130359109695817
1076,0.22461316032175924
1077,0.23193293174418983
1078,0.24107265377589018
1079,0.2552829909215437
1080,0.27070236193012215
1081,0.2861511428899975
1082,0.3065784686102625
1083,0.32344930330980626
1084,0.32775410079220646
1085,0.33913754987440564
1086,0.352077542863739
1087,0.3568508767178694
1088,0.36451573400089604
1089,0.36223625457456404
1090,0.35796397600899127
1091,0.33897802303100605
1092,0.3167411068058337
1093,0.31665968647022746
1094,0.3161651951444733
1095,0.3140135602233904
1096,0.31177551700181677
1097,0.3032295809900054
1098,0.2958893688462776
1099,0.2873299143956784
1100,0.282566128805654
1101,0.273980509172795
1102,0.2690306558196118
1103,0.2676377440971221
1104,0.2698346874782782
1105,0.2769024298711209
1106,0.2800873796509499
1107,0.28547592692961515
1108,0.29530850617410914
1109,0.30042524583360714
1110,0.3067427610514358
1111,0.3208698049900845
1112,0.33394283084249826
1113,0.34676766824840427
1114,0.36102474554425323
1115,0.3689466582001991
1116,0.3752924418431833
1117,0.3836470868123469
1118,0.3853631420387225
1119,0.3875301675581385
1120,0.3899564091715783
1121,0.3925374875469666
1122,0.39657160545088227
1123,0.40290515113272624
1124,0.410387124333681
1125,0.4183801272221377
1126,0.4256631584384497
1127,0.43302526462433355
1128,0.4403728385435838
1129,0.4468732720326471
1130,0.4542676390871892
1131,0.4621682260105678
1132,0.4700761312665999
1133,0.4748016880396212
1134,0.4763846121315874
1135,0.47722043498679334
1136,0.4785134832124834
1137,0.477415320223672
1138,0.47716686207560655
1139,0.4774632821978743
1140,0.4795392432566203
1141,0.4822326929042659
1142,0.48511753952567527
1143,0.48751276982210723
1144,0.49212979602987794
1145,0.49368473647860717
1146,0.4893613168472372
1147,0.48204841492976325
1148,0.47600254292768096
1149,0.4694326261759941
1150,0.46354024911325103
1151,0.45426432992127197
1152,0.4441804530609171
1153,0.43546386032750933
1154,0.43072124605124884
1155,0.42451443543810957
1156,0.4126378878223615
1157,0.4014548289427916
1158,0.385664767820925
1159,0.3700506430432023
1160,0.35393490676140515
1161,0.3394029377664463
1162,0.32691487759904075
1163,0.317504368811802
1164,0.30735048118338926
1165,0.29818148304412645
1166,0.29021329698144166
1167,0.28035602129751114
1168,0.2709447240896546
1169,0.26269613442666556
1170,0.2579735759818426
1171,0.2525686911785661
1172,0.24858176188440972
1173,0.248197381277321
1174,0.24886389883497637
1175,0.25074580404815594
1176,0.25295795556201617
1177,0.25591476198312
1178,0.2592269928860719
1179,0.26301872381591146
1180,0.2674970458966988
1181,0.2724006427371076
1182,0.27812005520708744
1183,0.2835720461294899
1184,0.28905767639682134
1185,0.2959127648749037
1186,0.3032632968995647
1187,0.30976282355100343
1188,0.3146577750805537
1189,0.32188800465031153
1190,0.32834039344726074
1191,0.33486210341779676
1192,0.3398486639862567
1193,0.3436844361024171
1194,0.34768727774491415
1195,0.3487082892192217
1196,0.3488014060655048
1197,0.3475745048420731
1198,0.34709922558604933
1199,0.3460053828222007
1200,0.3433196807461106
1201,0.34032519675589906
1202,0.337266868891429
1203,0.3319609597512566
1204,0.32595685870810653
1205,0.3226914820556031
1206,0.3165286769115366
1207,0.30914563573834847
1208,0.3012434268571628
1209,0.29264075911779874
1210,0.2831230989952753
1211,0.273442178318638
1212,0.2674310319205941
1213,0.2600364552066977
1214,0.2507792845578315
1215,0.24414573028517866
1216,0.2387030629359883
1217,0.23674948834279813
1218,0.23791443802731377
1219,0.24421187028370175
1220,0.25423664555868897
1221,0.2557119730876955
1222,0.25875333333259604
1223,0.26164981759004424
1224,0.26183040084881776
1225,0.26194611222641695
1226,0.2586630642631369
1227,0.25640186629373246
1228,0.25648849123877004
1229,0.2580309786001839
1230,0.2579310516872421
1231,0.25615267795570734
1232,0.2562942815342987
1233,0.2552432019643458
1234,0.2500440402202573
1235,0.24434738677594192
1236,0.24160234100615705
1237,0.2342048641790695
1238,0.22667416812464425
1239,0.22273317533463735
1240,0.22248545713932547
1241,0.22042592804013647
1242,0.22093074628734136
1243,0.21326765030406045
1244,0.20487348157839047
1245,0.19714911459769896
1246,0.18280644408191749
1247,0.16833381322290106
1248,0.15308667574144327
1249,0.1373434574742342
1250,0.12263947640572444
1251,0.11203824349566215
1252,0.10216274289231729
1253,0.09623367313144826
1254,0.09203574718259351
1255,0.08916616740186167
1256,0.08945889601684494
1257,0.09156409209899317
1258,0.0956770820899662
1259,0.10319543797163849
1260,0.11157375014001375
1261,0.11109149907041928
1262,0.10840841414752968
1263,0.10429238157506154
1264,0.10078736161689177
1265,0.09347308475582156
1266,0.08779452350442525
1267,0.08198855186276681
1268,0.08481704585525812
1269,0.08632503325231783
1270,0.08510548766877879
1271,0.0903882225154529
1272,0.08851569844908704
1273,0.08423977135025329
1274,0.07694977150564998
1275,0.07094338452082005
1276,0.0684514211720943
1277,0.06881472561821352
1278,0.06878586396638496
1279,0.061876583613762894
1280,0.05820328504937876
1281,0.05491417544561632
1282,0.0544271649426305
1283,0.05909545328078224
1284,0.06949090057385095
1285,0.0835724005844787
1286,0.09189324123918594
1287,0.09938829306681912
1288,0.1044553836639391
1289,0.11290638166331037
1290,0.12823398737288014
1291,0.1443495486362941
1292,0.14282996328729125
1293,0.13584325640435943
1294,0.1273829683788392
1295,0.11569895802992927
1296,0.10686532491818863
1297,0.09413631387498345
1298,0.08830696951256806
1299,0.07939108859184137
1300,0.07415157221547888
1301,0.07418215874904131
1302,0.07264958334606506
1303,0.07295442612823048
1304,0.08258461302683678
1305,0.09030546857401663
1306,0.1021239563732518
1307,0.11872796850900946
1308,0.1404869353625147
1309,0.1571517935194557
1310,0.1720098236909522
1311,0.17971270973799244
1312,0.19014300757648328
1313,0.19965726390608168
1314,0.20480922470196675
1315,0.20886143217360367
1316,0.21566246124107233
1317,0.2191445671579341
1318,0.21987528308489182
1319,0.22274667369977552
1320,0.22406497510989573
1321,0.22625176056448454
1322,0.2290209152621111
1323,0.23214436650781392
1324,0.23518905920374586
1325,0.2396455141235428
1326,0.24505343997431522
1327,0.2521618401450349
1328,0.25951891533750726
1329,0.2668872419826908
1330,0.2737378192811587
1331,0.2822990070593836
1332,0.28945507036682144
1333,0.2930480416178234
1334,0.29383176460237936
1335,0.29617854845088726
1336,0.2959995988825843
1337,0.2941947885904462
1338,0.2922238093629439
1339,0.2903122405684693
1340,0.2892988321411999
1341,0.2896240255383112
1342,0.29114671206537623
1343,0.2932070790790497
1344,0.2963036924212469
1345,0.29912682331781026
1346,0.3033893892978225
1347,0.3108753244257234
1348,0.31749917252903787
1349,0.3215206069427541
1350,0.3270532289751975
1351,0.33055916928654344
1352,0.3290143116375247
1353,0.32550801248438616
1354,0.3163165119929387
1355,0.3034583675539066
1356,0.29375891040673213
1357,0.28580171623395884
1358,0.276658107942086
1359,0.2618830520968984
1360,0.2493136705710417
1361,0.23486742210114328
1362,0.21813348862057944
1363,0.198806920354535
1364,0.18264978233257081
1365,0.1725709310131688
1366,0.1650222040589536
1367,0.15636286317632447
1368,0.15203750322661555
1369,0.15005737495163826
1370,0.1462476860566066
1371,0.15278373647502527
1372,0.15943627144031852
1373,0.16627921882404667
1374,0.1703952285442294
1375,0.16930069919137197
1376,0.1731000806684014
1377,0.17921190464878375
1378,0.1910572642222023
1379,0.19932618288007964
1380,0.20071521762982678
1381,0.197870695608615
1382,0.1904965025490708
1383,0.17694294705019173
1384,0.1662315458829494
1385,0.15655228199900437
1386,0.1465401335323381
1387,0.13939536993959725
1388,0.13558697862496724
1389,0.13148325596375268
1390,0.1275832577792971
1391,0.12493104132675262
1392,0.12260443851106571
1393,0.1236223931985632
1394,0.12170266084484889
1395,0.12128104505887506
1396,0.1185682079688182
1397,0.11467454024126227
1398,0.1122768585827966
1399,0.11067708975092265
1400,0.11121744631646985
1401,0.11126335401809731
1402,0.11240001309730469
1403,0.11323910010599526
1404,0.11298687729857661
1405,0.11234902882273623
1406,0.11954185898059676
1407,0.12572727513884055
1408,0.13906099592170262
1409,0.14838864793415413
1410,0.16431476823655353
1411,0.17172195432571002
1412,0.1754732772308868
1413,0.17447746591418312
1414,0.1773112443115496
1415,0.18058468110301845
1416,0.19082451882811008
1417,0.20141894605547955
1418,0.21350306058834534
1419,0.22003260481203163
1420,0.21975625398297574
1421,0.22322580702887646
1422,0.2234905062609168
1423,0.21780849732400925
1424,0.2130669207839758
1425,0.20648660436211638
1426,0.20272474510015348
1427,0.20467478910196407
1428,0.20631375346910003
1429,0.20398929679749017
1430,0.2050480840097204
1431,0.20869134477801288
1432,0.2087455479056419
1433,0.2094417145235338
1434,0.20743301673556525
1435,0.20039871706232956
1436,0.19104366919702662
1437,0.18542923401956737
1438,0.18071339358866037
1439,0.1806274920230323
1440,0.18170201286958063
1441,0.18397378496220806
1442,0.18490654980239674
1443,0.18457573070939393
1444,0.18732893886666266
1445,0.18934227207082988
1446,0.1938525579221715
1447,0.19844961158181948
1448,0.20208553633849666
1449,0.20304388780002045
1450,0.20146494970549556
1451,0.20091462091922938
1452,0.1970549053911594
1453,0.1930224378345235
1454,0.18890743821037073
1455,0.18471721160945645
1456,0.18071820306339717
1457,0.17725964613728437
1458,0.17509329003532173
1459,0.1718268895925953
1460,0.1698240930380639
1461,0.17117001833152495
1462,0.175124534301839
1463,0.17781251512465918
1464,0.1839482638885894
1465,0.19723568959309376
1466,0.2123379491380777
1467,0.2249397007696519
1468,0.2314648680741516
1469,0.24320725332418397
1470,0.2573309213531781
1471,0.2697089716451639
1472,0.2814831534540403
1473,0.2936469631920442
1474,0.2994723970879781
1475,0.30546045544743516
1476,0.3137660710020849
1477,0.3207097878573734
1478,0.3281429910803195
1479,0.3333465489847422
1480,0.3354726799037653
1481,0.3373788623830989
1482,0.33591740457935637
1483,0.33405870919135233
1484,0.32947930844799894
1485,0.3251744807601436
1486,0.32407543526536575
1487,0.3228970618833782
1488,0.32302277581044064
1489,0.32325068829276055
1490,0.3244358056996254
1491,0.32599293766778725
1492,0.3278264708950237
1493,0.32990516142197185
1494,0.33105103740925895
1495,0.33277270660024383
1496,0.3341115927170666
1497,0.3345097162811321
1498,0.3332620488867833
1499,0.33388584425896883
1500,0.33491843853525266
1501,0.3352221513933174
1502,0.3363530353944669
1503,0.3359300599356825
1504,0.33611970142131137
1505,0.3362599053273876
1506,0.3384398360201017
1507,0.339159382110206
1508,0.33793118744872425
1509,0.33507167197901083
1510,0.33007804782104117
1511,0.32197634730479213
1512,0.3128951547958104
1513,0.30260320626062753
1514,0.29020007203216963
1515,0.27751328428278477
1516,0.26655297988330995
1517,0.2559563117076132
1518,0.24427740314247892
1519,0.23358611340875518
1520,0.22146190448251624
1521,0.21091810931356386
1522,0.1963675683242394
1523,0.18140483238540636
1524,0.16236788538990732
1525,0.14183390653532438
1526,0.12117449676028176
1527,0.10002009596658848
1528,0.08254493192834486
1529,0.06523455928759761
1530,0.05088178531811006
1531,0.03852345151061093
1532,0.035177792663541894
1533,0.03216006390178435
1534,0.03713714673358914
1535,0.041584368912937125
1536,0.047168992586047426
1537,0.0516126318053711
1538,0.05846043593356389
1539,0.06507006506315473
1540,0.07024448518736913
1541,0.07875824715025757
1542,0.08859327896875713
1543,0.09859185594976845
1544,0.10472278235723526
1545,0.11230093740892398
1546,0.1205476712695799
1547,0.12695866583054774
1548,0.13210411471334194
1549,0.1367767342877185
1550,0.1396880708401417
1551,0.13825036206638883
1552,0.13531925649023654
1553,0.12952815761820335
1554,0.12531364215219232
1555,0.12455631584574836
1556,0.1249649434110545
1557,0.12434612987083613
1558,0.1263341953429617
1559,0.1302136518432525
1560,0.13469304644635888
1561,0.13854911043606005
1562,0.14120619040361493
1563,0.1419482771685907
1564,0.14245031273617517
1565,0.1422250684023179
1566,0.14252428886384777
1567,0.1425994278433053
1568,0.14406029205764337
1569,0.14481003159892758
1570,0.14423520057060785
1571,0.14437017637604957
1572,0.14619059990342734
1573,0.1484853429339921
1574,0.15048155427776905
1575,0.1592676648264236
1576,0.1657777545859084
1577,0.1691301756520884
1578,0.1716202189999847
1579,0.17793899509370376
1580,0.17747897736297708
1581,0.17827775277358432
1582,0.17636696331217655
1583,0.1768340112744338
1584,0.17491227177556193
1585,0.17925332669393695
1586,0.18108596604173718
1587,0.18767416814981516
1588,0.19151529030589656
1589,0.18937185918511554
1590,0.1850344168488641
1591,0.18928434061211877
1592,0.18962047172544405
1593,0.18704165525613076
1594,0.18923763373051622
1595,0.19650475282423802
1596,0.20983267899690425
1597,0.22194043521573462
1598,0.2351081662651303
1599,0.2493260906003925
1600,0.2655589584376466
1601,0.2853369131847508
1602,0.30208210079108005
1603,0.31845537078373237
1604,0.33854477733111416
1605,0.35712649097469307
1606,0.3781767207301737
1607,0.3945005708918251
1608,0.40744868460965644
1609,0.4206313576815168
1610,0.4312207766103526
1611,0.4390389229456827
1612,0.4520696094411133
1613,0.4692881534408006
1614,0.4817593565547443
1615,0.49374739341141793
1616,0.5031916139547987
1617,0.5085217752013199
1618,0.5137266125197446
1619,0.5187900409863873
1620,0.5279184095072724
1621,0.5350953277034088
1622,0.5390705385153223
1623,0.5451699952236952
1624,0.5441213784302957
1625,0.541179590043429
1626,0.5351146904699298
1627,0.5302475705063528
1628,0.5279266389645646
1629,0.5276166116089843
1630,0.5239447544187668
1631,0.5204612839856448
1632,0.5160380122172151
1633,0.51220154299005
1634,0.5026900148338055
1635,0.4916172047541707
1636,0.4798800499473348
1637,0.4694979408560292
1638,0.46040579901446144
1639,0.4508954060178988
1640,0.44113371735433
1641,0.4310793595751683
1642,0.42090293020698455
1643,0.4116900246822614
1644,0.40208949501795177
1645,0.3923942670482246
1646,0.38176544207376
1647,0.37124247795907106
1648,0.36242999980478835
1649,0.35340233215854466
1650,0.34312920635533545
1651,0.33348652096193593
1652,0.32523155624151256
1653,0.31778006767055783
1654,0.310310679165418
1655,0.30326712136615286
1656,0.29575182269854994
1657,0.2865584495280168
1658,0.28284581994258795
1659,0.27994436853691423
1660,0.28341736347305796
1661,0.2888344418676717
1662,0.2963504664879384
1663,0.3063192053342872
1664,0.31695666329842737
1665,0.32703308068147907
1666,0.3382854143311449
1667,0.35087006216052874
1668,0.36301740803364946
1669,0.374079867122165
1670,0.3837380013959822
1671,0.3928410112162057
1672,0.39957811419297834
1673,0.4074577714844887
1674,0.4147180186007618
1675,0.4215378244844917
1676,0.42806492764981013
1677,0.4326504832062312
1678,0.43763767699733985
1679,0.4419076896978074
1680,0.4453218912225675
1681,0.4540643223738478
1682,0.46058390182778974
1683,0.46521768824829707
1684,0.46927643629147836
1685,0.47319749313434584
1686,0.4713400827390954
1687,0.46911006867882826
1688,0.4666550446534276
1689,0.46409738859303945
1690,0.4611694768064225
1691,0.4585756055261452
1692,0.45585408541529937
1693,0.4541284784655791
1694,0.4491293718358367
1695,0.4400570668541989
1696,0.43275995338422923
1697,0.4248037849169885
1698,0.41708073990241645
1699,0.4086135913205013
1700,0.40017049056302706
1701,0.3921444815083847
1702,0.384726388388927
1703,0.37721839011781466
1704,0.3681633781701754
1705,0.362384897614702
1706,0.35421991133356134
1707,0.342206769776383
1708,0.3345435900662631
1709,0.32651848922493315
1710,0.31385753842446273
1711,0.3024119447972077
1712,0.29192568723820145
1713,0.2810735271521465
1714,0.27328795518269045
1715,0.2648368361855342
1716,0.25218449121249475
1717,0.23808668564194546
1718,0.22451270250185162
1719,0.2114911823329799
1720,0.20094704684753573
1721,0.19292865711750154
1722,0.18512387726646662
1723,0.19115534047984264
1724,0.20184942416244034
1725,0.21573936991477966
1726,0.23157826570665233
1727,0.24975790219358637
1728,0.2709748484219498
1729,0.29082511698429936
1730,0.30921867316920154
1731,0.3205914486583359
1732,0.32996091838380553
1733,0.3386964965899982
1734,0.3427055509098898
1735,0.34805109647304294
1736,0.3557776129456745
1737,0.36143776751390827
1738,0.3654738645319852
1739,0.3730284707833371
1740,0.3794539838642404
1741,0.3852867422545229
1742,0.3895962872531485
1743,0.3945194072934287
1744,0.39834005144435997
1745,0.40115597739241
1746,0.4020085709368777
1747,0.4031011994215716
1748,0.40514912276715614
1749,0.40764231226115477
1750,0.40838650778479824
1751,0.40503774277749616
1752,0.4049328176952171
1753,0.4037587367837534
1754,0.4069470553716779
1755,0.40877522423371226
1756,0.4051267969805706
1757,0.40176294146721514
1758,0.39610984075004707
1759,0.39140562896414705
1760,0.38072524303288796
1761,0.3712416718865456
1762,0.3646685758955589
1763,0.3602965509409422
1764,0.3591127760234928
1765,0.3563764017087376
1766,0.3501355802058273
1767,0.3434596982057958
1768,0.33468309517478356
1769,0.32613106516223045
1770,0.31692933352694885
1771,0.31209272177899644
1772,0.3079630750910115
1773,0.30732274826542616
1774,0.31033192065862897
1775,0.3157275286075974
1776,0.31909061177210496
1777,0.3208590395750571
1778,0.32483277801121
1779,0.33081119941045484
1780,0.3365955893909051
1781,0.34861185997571825
1782,0.3567126853454525
1783,0.3683670767773865
1784,0.37992008388853693
1785,0.3925038326885727
1786,0.40517795536892753
1787,0.41676646141006085
1788,0.42763829891246224
1789,0.43752050900139267
1790,0.44653402174243706
1791,0.45427364277199167
1792,0.4620985897224207
1793,0.4660762954976869
1794,0.4662046518552928
1795,0.46848537469270574
1796,0.4643349710394452
1797,0.46223873276243843
1798,0.4626753179310694
1799,0.4626745521753138
1800,0.4638772227820595
1801,0.4645969175866287
1802,0.46529431276366284
1803,0.4664767874027248
1804,0.4677598318040163
1805,0.4712535080679371
1806,0.47368992198212
1807,0.47768604093291506
1808,0.48277027833234715
1809,0.4805668534770719
1810,0.47746646375079255
1811,0.4759934760577628
1812,0.47345874926026627
1813,0.4707554111062551
1814,0.46183781979411315
1815,0.452811148718652
1816,0.4433978487433067
1817,0.4343147202257119
1818,0.4246203274549679
1819,0.41463518950770833
1820,0.4041030269515292
1821,0.39298647059922887
1822,0.381778280163604
1823,0.3720003353835617
1824,0.35798440217788946
1825,0.3459820710867255
1826,0.33271313376598244
1827,0.31760559288708634
1828,0.30029603160244106
1829,0.2813066511111922
1830,0.2603447750721911
1831,0.24152588932551253
1832,0.22565044808928525
1833,0.2130474173475777
1834,0.2027867908885519
1835,0.19491372192021014
1836,0.18154127212493806
1837,0.16512347859817217
1838,0.14801364770230432
1839,0.1336429811700668
1840,0.123931174459921
1841,0.11499734244305491
1842,0.11433066510103625
1843,0.11313807609655331
1844,0.10910203933031344
1845,0.10628071276315923
1846,0.10388886521253926
1847,0.1021692248236831
1848,0.10414821473066209
1849,0.10871057061366173
1850,0.11894659880591799
1851,0.12169472611937757
1852,0.12106200885839188
1853,0.1219887985301519
1854,0.125484767027394
1855,0.12692568495100914
1856,0.1243879136442081
1857,0.11871285336957732
1858,0.11202910612283738
1859,0.10964173966638235
1860,0.10957666641231195
1861,0.10620623389260415
1862,0.10584935485967896
1863,0.10007368887275794
1864,0.09563122123451814
1865,0.09188822829768481
1866,0.08801331630091272
1867,0.08626926640489559
1868,0.08307322308112321
1869,0.07981265892040365
1870,0.07788698557941835
1871,0.0769766224319141
1872,0.07587492129127704
1873,0.07549711670690351
1874,0.07537518852318593
1875,0.074042906908115
1876,0.07434604210469098
1877,0.0774221591510776
1878,0.08336669497934222
1879,0.09730626895932686
1880,0.10760388454109578
1881,0.11572129294108664
1882,0.11944329376270003
1883,0.12569881358725174
1884,0.12928202433467426
1885,0.13358839295857866
1886,0.1397522634430326
1887,0.14087581943985591
1888,0.14131200281854164
1889,0.13892839286793301
1890,0.1385241324443341
1891,0.13257487784384836
1892,0.12651591956517877
1893,0.1218554333393271
1894,0.12001122908500425
1895,0.11840317788861379
1896,0.11629894354514124
1897,0.11439782029131053
1898,0.11271807073485121
1899,0.11183142690965223
1900,0.1118402401566725
1901,0.11175826746112054
1902,0.11195641970169673
1903,0.11317089691054753
1904,0.1144525488918576
1905,0.11630920944717685
1906,0.11613361327344468
1907,0.11602623218555518
1908,0.11704497032508733
1909,0.11879703504762221
1910,0.1213040005964444
1911,0.12361606821668095
1912,0.12635271249045507
1913,0.1291437226730754
1914,0.1320400205642315
1915,0.1350284963467025
1916,0.13718509431759107
1917,0.13891525613374134
1918,0.14088409533613233
1919,0.14247212321892885
1920,0.1460948967543627
1921,0.14496843182569094
1922,0.14090088979031357
1923,0.13895684542343423
1924,0.13312730430663605
1925,0.12718402867946108
1926,0.12349975984175983
1927,0.11998914732148946
1928,0.11604012407704987
1929,0.11044909441351429
1930,0.10689745629152524
1931,0.10381013194394008
1932,0.0986137828423208
1933,0.09291913317808906
1934,0.08852064935981852
1935,0.08465658627380415
1936,0.081240522337803
1937,0.07972868058420288
1938,0.07761011074625646
1939,0.07255143720786934
1940,0.06701135937278288
1941,0.06411724186004696
1942,0.05803967084974759
1943,0.054901576005396156
1944,0.05155785820518279
1945,0.05032813898644397
1946,0.0502131526703751
1947,0.05291263017142017
1948,0.05284728192869505
1949,0.05422873865262863
1950,0.05682426975675822
1951,0.05836338297039081
1952,0.06337474401520615
1953,0.07377197151791916
1954,0.08396634710430241
1955,0.0870594243805699
1956,0.08855387763128138
1957,0.08867372362177396
1958,0.08737739460713893
1959,0.08642890075696848
1960,0.08166633401116537
1961,0.0770853456861831
1962,0.07513063573646935
1963,0.07483684654875979
1964,0.07548012193432622
1965,0.07703949620668142
1966,0.0801125615333728
1967,0.08342612511887977
1968,0.08916248221475997
1969,0.09359354693234503
1970,0.0970095716678589
1971,0.1018887254294184
1972,0.10843248250908394
1973,0.11407577165240824
1974,0.12157552029621849
1975,0.12352698287836449
1976,0.13190720285905516
1977,0.14024020674163745
1978,0.1481703105393395
1979,0.15808309740803336
1980,0.16853287309030965
1981,0.17994856636326434
1982,0.18885805436032213
1983,0.19638683128893905
1984,0.20198375969009996
1985,0.20970249006741404
1986,0.218313792033085
1987,0.22634243142708435
1988,0.2342481772439319
1989,0.24150095143662223
1990,0.24799435939616116
1991,0.2517640268092595
1992,0.25432914505154536
1993,0.25501163547642425
1994,0.2556363592165075
1995,0.25780469942611006
1996,0.2597567053345019
1997,0.26145651397638375
1998,0.2594524007639574
1999,0.25715965109283717
2000,0.25548123141914686
2001,0.2563398901445447
2002,0.2583695837139017
2003,0.26728297948287394
2004,0.27144041654065293
2005,0.2730878442226925
2006,0.27508398674736373
2007,0.28065135863345525
2008,0.2856280142868105
2009,0.2898483831444955
2010,0.29373760785703085
2011,0.2994509898581818
2012,0.3032837850339269
2013,0.30812611249865957
2014,0.3137594859836921
2015,0.31731736227783647
2016,0.31922449747908893
2017,0.31834715600819413
2018,0.3170793268043695
2019,0.30773879437635626
2020,0.29848358106617723
2021,0.28774134699747567
2022,0.27889266228408083
2023,0.26875060593950484
2024,0.2564883663019608
2025,0.24368766988549667
2026,0.23062581352400463
2027,0.21592284258626288
2028,0.205661701537722
2029,0.19906045659610383
2030,0.19635606249724832
2031,0.19584681187447378
2032,0.19901514323696073
2033,0.20791535079827977
2034,0.21454525989984016
2035,0.2239983158077889
2036,0.23109595073837208
2037,0.23291520887922226
2038,0.23603213603528816
2039,0.23556489947093726
2040,0.23734739189480045
2041,0.23850735175835594
2042,0.24065810860316364
2043,0.24316409300486996
2044,0.24626301634786185
2045,0.24720322276944548
2046,0.24823647124891857
2047,0.2481401359783014
2048,0.24805071954419727
2049,0.24955307591548934
2050,0.25158792804083163
2051,0.25123572802409444
2052,0.24867303027911972
2053,0.24317130589636027
2054,0.23761437122423393
2055,0.23184016142490863
2056,0.22671402546333091
2057,0.22292090795471173
2058,0.2199587401788553
2059,0.21744105677949316
2060,0.21529681233870362
2061,0.2138443982180075
2062,0.21367914329695598
2063,0.2123905789617267
2064,0.2128309069900184
2065,0.21371665453526598
2066,0.21539359062864938
2067,0.2206543860269322
2068,0.22585601769946126
2069,0.22891196669590144
2070,0.23010647395329856
2071,0.2303534474230431
2072,0.2287787653459335
2073,0.22739397353985769
2074,0.22426092028582661
2075,0.2192938330773011
2076,0.21612886300541106
2077,0.20954375447275425
2078,0.20056286569523352
2079,0.19572821435563345
2080,0.18449805203495717
2081,0.16663171859230602
2082,0.1504435078800498
2083,0.13902127266965963
2084,0.1288158327742961
2085,0.11985196320422613
2086,0.10876035778736771
2087,0.102116819671026
2088,0.09785757837561047
2089,0.09643425685365405
2090,0.09340486833783679
2091,0.09342216647910528
2092,0.09364611411864086
2093,0.09578057238600075
2094,0.09850962734459753
2095,0.10087500456615872
2096,0.10410190211409899
2097,0.10373068677066523
2098,0.1021921945766282
2099,0.09955613400824949
2100,0.0961535510041344
2101,0.09204924777004421
2102,0.08728743388831456
2103,0.08487824765969823
2104,0.08152118369957483
2105,0.0785840715940619
2106,0.07654541784335907
2107,0.07409278403456163
2108,0.06988348178234417
2109,0.06457102594380314
2110,0.05995038459705157
2111,0.05551021537934452
2112,0.05306656951929971
2113,0.048443747631291306
2114,0.04287820005858201
2115,0.038429818054758744
2116,0.03460871731032035
2117,0.031172684524496747
2118,0.029803056442601367
2119,0.03070882921790991
2120,0.03321219116277425
2121,0.036475410955088126
2122,0.039227508341281137
2123,0.039212132838305026
2124,0.041285544321147304
2125,0.04370713521010004
2126,0.04663359082088931
2127,0.05309176878598141
2128,0.06068932758130974
2129,0.06951200647445634
2130,0.07924674480717579
2131,0.08311964027760906
2132,0.08977263728673501
2133,0.09458804034865974
2134,0.09848261949394915
2135,0.1010546380867938
2136,0.10487771736846101
2137,0.1091374931621882
2138,0.11610881186609688
2139,0.12113336428065925
2140,0.12395200680752202
2141,0.12878752857057857
2142,0.131842768585815
2143,0.13449554768443056
2144,0.139022018276032
2145,0.14170723039233266
2146,0.14360249844698025
2147,0.1436079946750599
2148,0.14438724599532238
2149,0.144118277212863
2150,0.1461856245808292
2151,0.15022232454831022
2152,0.15688892987509054
2153,0.16575266777291636
2154,0.172883273239933
2155,0.1731499179350243
2156,0.17310546237235308
2157,0.1675120567458188
2158,0.16106992794707942
2159,0.16232873134140657
2160,0.1620715952112758
2161,0.16424896227929003
2162,0.1704183593006558
2163,0.18062255916566855
2164,0.18854926500244323
2165,0.19482797273697752
2166,0.1997238888599302
2167,0.2001569185925608
2168,0.20228603745916718
2169,0.19929049048029948
2170,0.19304956721115818
2171,0.18632419975217554
2172,0.1818619042942162
2173,0.1771415744645036
2174,0.1723699407351257
2175,0.16568696573348443
2176,0.16101836672880035
2177,0.15829570702660736
2178,0.1535320618667688
2179,0.14890160269309569
2180,0.1493479565533572
2181,0.1445703159972189
2182,0.13937709722767672
2183,0.135997376230001
2184,0.13578218124648378
2185,0.136158974958797
2186,0.1382387265459158
2187,0.14313937100136812
2188,0.14934429616174588
2189,0.15415821357718104
2190,0.1573590685663674
2191,0.1589473115847735
2192,0.161288083732354
2193,0.16690216463799304
2194,0.17282263754565402
2195,0.1769416916438018
2196,0.1851264887339555
2197,0.19050852650692987
2198,0.19682072918786842
2199,0.20418244510442835
2200,0.21337032163463532
2201,0.22407303099183723
2202,0.23530585165640494
2203,0.24740690945971583
2204,0.25445671919847995
2205,0.2548229749953925
2206,0.2598200227584793
2207,0.2681269363147094
2208,0.26451092088574607
2209,0.2650559658269833
2210,0.2692448865959358
2211,0.2757577857275083
2212,0.2809055592590827
2213,0.2814942758696511
2214,0.2713341482603273
2215,0.26883953100317204
2216,0.26063990059328856
2217,0.2500578015507358
2218,0.23987438573292594
2219,0.22652329666509266
2220,0.21638394999027372
2221,0.2064988298817658
2222,0.19406731252059944
2223,0.1833378353697026
2224,0.17497980576255082
2225,0.16363129007720698
2226,0.1539787393992867
2227,0.14472649356705802
2228,0.13613883485507267
2229,0.13133737130238177
2230,0.12756745198082034
2231,0.12218719025341443
2232,0.1142619822190726
2233,0.10816132528766134
2234,0.10469905300434448
2235,0.10063787708176404
2236,0.09962372569727225
2237,0.10129621628162043
2238,0.10507700648071978
2239,0.10984853767285996
2240,0.11614902464389452
2241,0.1220997955551895
2242,0.12547585977638173
2243,0.13213522352658913
2244,0.14056929614256894
2245,0.14892560508031427
2246,0.15801379222037984
2247,0.16418134343078106
2248,0.17053170571121537
2249,0.16896856774678964
2250,0.17004752847175242
2251,0.16417559933980136
2252,0.15681675806570317
2253,0.14885404031091748
2254,0.14956321204334927
2255,0.15264928458805993
2256,0.15845413447587312
2257,0.16756168299378738
2258,0.1779645102996395
2259,0.18873667096993738
2260,0.20015053426916796
2261,0.21148119869343066
2262,0.22087061517146403
2263,0.22619565441091774
2264,0.23085536971294676
2265,0.2286902292422721
2266,0.2235819167030966
2267,0.22403565919371796
2268,0.22690002136608642
2269,0.22891395297884806
2270,0.22986856382075505
2271,0.2301228117155479
2272,0.22872116819165544
2273,0.2256515446675472
2274,0.22263836543115126
2275,0.21988923962528112
2276,0.21354899654765813
2277,0.20439594051678536
2278,0.1941925135295778
2279,0.1827396266223659
2280,0.1714454674664309
2281,0.16215621724370474
2282,0.15393383988915668
2283,0.1513671056085859
2284,0.1479196119020766
2285,0.144505489540786
2286,0.14463542648258745
2287,0.1416315629581299
2288,0.14250575896775491
2289,0.14550592344988575
2290,0.1474903886988855
2291,0.14800815293230227
2292,0.1462870108904248
2293,0.1447349904781439
2294,0.14263453160321654
2295,0.14079747936028095
2296,0.14002185213185014
2297,0.13723898771689344
2298,0.1341357937197747
2299,0.13090574972453342
2300,0.1278609020381103
2301,0.1258043850787797
2302,0.12355784715689569
2303,0.12144853434373229
2304,0.11986461925189744
2305,0.11871617826665205
2306,0.11779439511375041
2307,0.11692027317777831
2308,0.11641971943929202
2309,0.11601908486874801
2310,0.11584127833986287
2311,0.1161149706713056
2312,0.11689157915260129
2313,0.11744806424397201
2314,0.11865435658566507
2315,0.11907745438341129
2316,0.1202069563552986
2317,0.12048921434233317
2318,0.12091246125720603
2319,0.12273672984676855
2320,0.12600143346295445
2321,0.12908894262273707
2322,0.13192833898632375
2323,0.13528472992018334
2324,0.13624145575227084
2325,0.1391019956805046
2326,0.14155364582396146
2327,0.14287209558504166
2328,0.14005419523440626
2329,0.137268475585609
2330,0.13950427054270867
2331,0.14178525475281106
2332,0.138789472642895
2333,0.14624029167792682
2334,0.14400768829068825
2335,0.13598472400482045
2336,0.1192480535760061
2337,0.10357080393723174
2338,0.08433942215993552
2339,0.0652565300402611
2340,0.05223963521471868
2341,0.04319354853944956
2342,0.03992528222685754
2343,0.035773143780308755
2344,0.03401753944171481
2345,0.03286604804908877
2346,0.03302159839488156
2347,0.03316304934579388
2348,0.03486646732747271
2349,0.0365879518817121
2350,0.03648508084468175
2351,0.03463270186799086
2352,0.03520514654377394
2353,0.03541399412355646
2354,0.03528331440022
2355,0.0335327096892897
2356,0.031199833453138974
2357,0.02903403291404346
2358,0.027941099156164523
2359,0.027358828595576704
2360,0.026984410814093168
2361,0.02683676992706422
2362,0.025970037250333464
2363,0.02537703542076919
2364,0.024350999262284834
2365,0.022247860383494224
2366,0.01982355938063402
2367,0.01776710174610686
2368,0.015677511947647296
2369,0.013889062217037474
2370,0.01312509158536884
2371,0.013117532874553226
2372,0.013799345863056325
2373,0.013927871243493676
2374,0.014204847893516746
2375,0.016822439149784287
2376,0.02129387664282252
2377,0.02314617992216021
2378,0.026205008821690128
2379,0.02419439452338731
2380,0.022370435874673692
2381,0.02047952658765651
2382,0.020557550857290725
2383,0.021053349927954584
2384,0.02190584476472447
2385,0.023047217355526412
2386,0.030626320230938222
2387,0.03776426580047784
2388,0.04411670601110767
2389,0.052670785639380054
2390,0.06423429586292768
2391,0.07220000852431999
2392,0.08905228980561154
2393,0.09838421907006376
2394,0.10024024966376015
2395,0.0969367850811135
2396,0.09818163804527645
2397,0.09829552892229708
2398,0.09285873627986993
2399,0.08673970943579398
2400,0.07824331142271188
2401,0.06832202098843515
2402,0.06375118007258919
2403,0.06150308214189219
2404,0.06243107059222427
2405,0.06994134017008531
2406,0.07297695768248781
2407,0.07516452271644698
2408,0.07066455021319681
2409,0.06047554222429654
2410,0.055363342099319444
2411,0.045445179384605516
2412,0.03863180296317689
2413,0.040002729177906766
2414,0.041893293014812115
2415,0.04224585249239094
2416,0.04550909457054345
2417,0.048081537760984686
2418,0.05314862910684969
2419,0.05681077407253921
2420,0.058109113533284004
2421,0.060136348349079286
2422,0.06434650340917733
2423,0.07387005282089626
2424,0.08902718302929674
2425,0.10837240939590609
2426,0.12747230644033822
2427,0.1382311831259461
2428,0.13803939020056313
2429,0.13965812688278265
2430,0.14515812205527734
2431,0.16006919421568516
2432,0.16933732243184998
2433,0.17742619704302603
2434,0.19043717059299176
2435,0.19337071167351444
2436,0.20136174358848205
2437,0.2050304504405528
2438,0.20690039638146965
2439,0.21116323010116456
2440,0.21066143242664284
2441,0.2082934810332783
2442,0.2067129894040675
2443,0.21123035297346157
2444,0.21348564891677196
2445,0.21999603610029234
2446,0.22619813185281784
2447,0.23106869971927577
2448,0.23286789078023265
2449,0.23761252634587235
2450,0.24213210878093108
2451,0.24547223716406752
2452,0.24663504136498882
2453,0.24373953830098757
2454,0.23532349499958316
2455,0.22973333924936112
2456,0.2223928450953829
2457,0.2137249711499407
2458,0.20649875761273748
2459,0.20070145563841643
2460,0.19615311682351327
2461,0.19252587375324368
2462,0.1884675587339572
2463,0.18395312325925076
2464,0.1785404100953669
2465,0.17492744219317072
2466,0.17139472535229158
2467,0.16959085269884813
2468,0.16891379469313333
2469,0.1699250877103643
2470,0.1711705510357916
2471,0.1754766348082077
2472,0.17980062689532175
2473,0.18243238584183655
2474,0.19005794945998628
2475,0.19949688501389518
2476,0.20711358884874476
2477,0.21503240645951882
2478,0.22410816076622847
2479,0.23284812564605706
2480,0.2421194256454637
2481,0.25122545623031417
2482,0.2565771440452126
2483,0.2595122487494657
2484,0.26905358243635674
2485,0.2789323799670724
2486,0.29347469872687704
2487,0.3074684508308323
2488,0.3217908448239231
2489,0.3335631444219428
2490,0.3430505899370776
2491,0.35142026197792725
2492,0.35934154050487116
2493,0.3661517303729319
2494,0.37428236494116895
2495,0.37983520283414596
2496,0.3815043465076007
2497,0.38683606888019134
2498,0.3903328831844332
2499,0.393070795770552
2500,0.3941257000681296
2501,0.39436202848130025
2502,0.39065656745052263
2503,0.3885470617373496
2504,0.38860907825314933
2505,0.3885848555353137
2506,0.38756173343369227
2507,0.3826835968981862
2508,0.3796270659786007
2509,0.37675569837054146
2510,0.3736996312444714
2511,0.37070881331795164
2512,0.3676857199194561
2513,0.3636127884611582
2514,0.3612344154280973
2515,0.3573161856603038
2516,0.35057792427067336
2517,0.3440608347284314
2518,0.33781214501329454
2519,0.3285736030310138
2520,0.32459385103678196
2521,0.3230791068792539
2522,0.31993236546285153
2523,0.31578760926541705
2524,0.3120759487757385
2525,0.3114731434696665
2526,0.3106506122716178
2527,0.3123563499209077
2528,0.3151597568276266
2529,0.3163342451005883
2530,0.32175260725432203
2531,0.3256813878277689
2532,0.33329208259262477
2533,0.34115311836495504
2534,0.34164229998133416
2535,0.3418642238523212
2536,0.3465158475340624
2537,0.35074857397811376
2538,0.3550703689020124
2539,0.3619994620694013
2540,0.36980022574397003
2541,0.37817144432246547
2542,0.38675900941483893
2543,0.39701971385323864
2544,0.405535407695435
2545,0.4116475504011318
2546,0.41540939852563924
2547,0.4229802527854903
2548,0.43453938031094963
2549,0.44656366181715135
2550,0.46285381958880056
2551,0.4739123889518866
2552,0.473592955225749
2553,0.47091337632330355
2554,0.47222916401581283
2555,0.4660260384616201
2556,0.4617507754001583
2557,0.4586510677195186
2558,0.4530213363275006
2559,0.4446298440522383
2560,0.43856228879750525
2561,0.43241410286307286
2562,0.4247674278504653
2563,0.4191078938493977
2564,0.41218096980189345
2565,0.40653659249283874
2566,0.40193593722256366
2567,0.39750081523314146
2568,0.3955693494683209
2569,0.39714632879638845
2570,0.39900584894239727
2571,0.3971528228562321
2572,0.3973005728155673
2573,0.3956056644045174
2574,0.3955044218656922
2575,0.39629158464352693
2576,0.39730158301471474
2577,0.39873026384573523
2578,0.4019660025063952
2579,0.4044613865322742
2580,0.4116816912247323
2581,0.4171377603547034
2582,0.42465799638717155
2583,0.43253567723261094
2584,0.44279565079457966
2585,0.4542776959202032
2586,0.4658756034453613
2587,0.47699234649203615
2588,0.48892888496906517
2589,0.5014901155823724
2590,0.5118378472077467
2591,0.5206807300153
2592,0.528958431377611
2593,0.5370845374425851
2594,0.5469511026166267
2595,0.5530044511763069
2596,0.5560727223458262
2597,0.5578998864384741
2598,0.5611994064917623
2599,0.5617378895666071
2600,0.5609067991494376
2601,0.5605151931727781
2602,0.5592263172873585
2603,0.5576409838895743
2604,0.5559262705362644
2605,0.5534399009106861
2606,0.550154550738916
2607,0.5454862309227139
2608,0.5411537830686288
2609,0.535599454861622
2610,0.530933878124315
2611,0.529452197516923
2612,0.5243408885754982
2613,0.5192674730287181
2614,0.5096307468074017
2615,0.49856830014976244
2616,0.48675159921686273
2617,0.4744890900165041
2618,0.461777760309216
2619,0.4484880642941288
2620,0.4346052629557363
2621,0.42138544410018
2622,0.40650293794107606
2623,0.39210097857808657
2624,0.38044955051186563
2625,0.36504330230867166
2626,0.3505434968246196
2627,0.3365167592235147
2628,0.32477283745279895
2629,0.3130010501064447
2630,0.30792088985945504
2631,0.30254002640290545
2632,0.29386832147136926
2633,0.28368602889746386
2634,0.2764740355116192
2635,0.27364784997917585
2636,0.2739373119001172
2637,0.269957676564997
2638,0.2681099353330723
2639,0.2652588978182605
2640,0.26119835660375545
2641,0.26145064976442844
2642,0.2683621060611802
2643,0.277067683775385
2644,0.2869526066377291
2645,0.29826013113103256
2646,0.3066850785172303
2647,0.3071428988923552
2648,0.3068604052667293
2649,0.3068117241839718
2650,0.3104494310819691
2651,0.3073883872829552
2652,0.3101015901230046
2653,0.30593633418288585
2654,0.30179291827750887
2655,0.2952979380369923
2656,0.28886406282476157
2657,0.2869656345748184
2658,0.280812225888687
2659,0.27813045445248874
2660,0.2731106231959637
2661,0.2684852672963349
2662,0.27292204742492737
2663,0.2782431956788534
2664,0.2749552917240234
2665,0.2759960124235322
2666,0.27900435826754544
2667,0.2719036080035468
2668,0.25859342737060276
2669,0.2453979250480172
2670,0.23159667771269857
2671,0.21720866478374798
2672,0.20435963546324337
2673,0.19450070925530194
2674,0.19024066144826005
2675,0.1844050042415389
2676,0.17856336720752977
2677,0.17703117478732094
2678,0.1728470716556434
2679,0.16949088319377656
2680,0.16793379824658866
2681,0.1682248541688245
2682,0.1693802475782774
2683,0.1696813333179409
2684,0.17031868626231889
2685,0.17210354819527815
2686,0.17481570814185626
2687,0.17745472726391892
2688,0.18050833252297055
2689,0.17623998142768676
2690,0.17747559615145403
2691,0.17464561847088964
2692,0.1730952962503668
2693,0.17472598093936706
2694,0.17613720606851468
2695,0.17719461165329753
2696,0.17820669253147267
2697,0.17825076494185282
2698,0.17730372005155276
2699,0.17968013119757786
2700,0.183771594151647
2701,0.18631708750998513
2702,0.1826720722972404
2703,0.1797632246840038
2704,0.17539536673828457
2705,0.17092900745119707
2706,0.17084939831086357
2707,0.17475805316032442
2708,0.17661416213064746
2709,0.18646153508600935
2710,0.19436190466098388
2711,0.21051648447768204
2712,0.221778828252455
2713,0.23115820400436105
2714,0.24065667219254105
2715,0.2513982455614722
2716,0.25886414991263956
2717,0.2653701036923075
2718,0.2730282306011801
2719,0.2806628316982981
2720,0.2866646215329077
2721,0.29415329432769705
2722,0.30266405847970435
2723,0.31254185565577014
2724,0.3204575887289795
2725,0.32703507980888624
2726,0.33636580477487876
2727,0.34345043229658634
2728,0.34971713719647224
2729,0.35591352300460055
2730,0.3572078004200474
2731,0.3553577968540388
2732,0.35210392864684753
2733,0.34636219362934595
2734,0.3418992194897133
2735,0.3362177352208105
2736,0.3302735914662045
2737,0.3232799115970056
2738,0.31521747830319236
2739,0.3077214566680873
2740,0.29942324483718014
2741,0.2911313625998046
2742,0.2841551550049267
2743,0.2786449475619539
2744,0.27412408515071396
2745,0.27107047840763426
2746,0.2680154828364217
2747,0.26513944695949937
2748,0.26355677454812515
2749,0.26217869727043386
2750,0.26321017037216304
2751,0.2659890205935736
2752,0.2721681110962345
2753,0.2792258885688319
2754,0.2830105964791495
2755,0.28488558745023534
2756,0.2857158497696144
2757,0.28772994241356675
2758,0.2910793779291445
2759,0.29506914256989347
2760,0.3027481457856033
2761,0.31217029513455863
2762,0.3220104343264954
2763,0.34159306231768033
2764,0.34781234286305707
2765,0.36176476448685835
2766,0.3728400183671297
2767,0.3772894096817664
2768,0.3855320529708193
2769,0.39542567102953996
2770,0.40832640074129456
2771,0.422460593616839
2772,0.4379157622386447
2773,0.4473741441183196
2774,0.4567139543087304
2775,0.46343297390240457
2776,0.470128037418225
2777,0.47450540506549044
2778,0.47894437509460885
2779,0.48126987861751735
2780,0.48429372522374076
2781,0.4855464948818622
2782,0.4881983787616155
2783,0.48958518091051195
2784,0.4913152990668902
2785,0.49287509226250664
2786,0.49307778029901683
2787,0.49221368687576017
2788,0.49100172918603596
2789,0.48932171100248417
2790,0.48958567458814145
2791,0.48806334629114895
2792,0.4853365289149638
2793,0.47873366706206194
2794,0.4708513776897711
2795,0.46148797939598385
2796,0.4516790212306622
2797,0.43958362448129457
2798,0.4266220765408224
2799,0.41339953423985254
2800,0.401432925947273
2801,0.3879571665336093
2802,0.3741284886286083
2803,0.3605545514817059
2804,0.34687557539498554
2805,0.33235605534901586
2806,0.31884827604182125
2807,0.30583927646136694
2808,0.29364797870479653
2809,0.2787247529951344
2810,0.26342492063359635
2811,0.24786735284455974
2812,0.23118372663300987
2813,0.21168071483947223
2814,0.19047011005297723
2815,0.1694759162586616
2816,0.14576659760047295
2817,0.13809211954989553
2818,0.1218456278418365
2819,0.11581799815193172
2820,0.11097850649126216
2821,0.0992327363552947
2822,0.09199394346246749
2823,0.08768909649091113
2824,0.08555781873447124
2825,0.07802841664440203
2826,0.06664223014113767
2827,0.05853230371628235
2828,0.0556904746537501
2829,0.052144165641967014
2830,0.04826539585299522
2831,0.04976205849971453
2832,0.05191511959789197
2833,0.055329052889432344
2834,0.061855266214006555
2835,0.06884987474575964
2836,0.07848062214632871
2837,0.09174024568904723
2838,0.11066206002813286
2839,0.12188326145765863
2840,0.1355522810503294
2841,0.14957901821602346
2842,0.1588417379810878
2843,0.16997057099655122
2844,0.1753882037009363
2845,0.17718501616083995
2846,0.181043240972242
2847,0.18576752165369606
2848,0.19512209661320087
2849,0.2024686917559848
2850,0.20916882757686858
2851,0.2156151552533666
2852,0.2208794845228613
2853,0.22504668478148748
2854,0.22596039340416418
2855,0.22564149155471666
2856,0.22726063775760402
2857,0.23426109649157562
2858,0.24097850361264633
2859,0.2456295704085327
2860,0.25138521920314344
2861,0.2606596022276434
2862,0.26811623849889166
2863,0.274031519722764
2864,0.277505349697411
2865,0.27979200676026844
2866,0.2810858731108464
2867,0.27973353572812926
2868,0.2791168402877661
2869,0.27940414228274346
2870,0.2796707873778893
2871,0.2781722468874828
2872,0.27223175534127453
2873,0.26724977854638066
2874,0.26106718375619536
2875,0.25369110561903013
2876,0.2466548029049891
2877,0.2405505775999108
2878,0.23403374192669904
2879,0.22913371084942866
2880,0.22446964120035104
2881,0.22172541151746347
2882,0.21761845370762167
2883,0.21850191412814443
2884,0.21297896215682913
2885,0.20873511794105787
2886,0.20351670360184337
2887,0.2001546832702669
2888,0.19964935961067073
2889,0.1941891718146014
2890,0.19104198385680604
2891,0.1861046571146839
2892,0.1830864869588007
2893,0.17468738673760523
2894,0.16627169790826332
2895,0.15326495594732523
2896,0.14593097217514522
2897,0.14197028412068463
2898,0.13775030133471255
2899,0.13637000926484594
2900,0.13279644825411424
2901,0.12954253124069298
2902,0.1278446374737981
2903,0.1252400749319362
2904,0.12405032417542322
2905,0.12139967412055695
2906,0.1196473647413187
2907,0.11671860075234838
2908,0.11601067427418489
2909,0.11619042152484485
2910,0.11650895995257245
2911,0.1180470961088179
2912,0.11957288927688214
2913,0.12177745817722241
2914,0.12277670220307549
2915,0.12333195345081067
2916,0.125287591312943
2917,0.1284367623627996
2918,0.1313764972874104
2919,0.13546903274131428
2920,0.13528082680854853
2921,0.13815932571753758
2922,0.14344242415707814
2923,0.14817560742600688
2924,0.1510847241954083
2925,0.15204156165171373
2926,0.15003444425260515
2927,0.15169730191045838
2928,0.14993616694692724
2929,0.14646574796885942
2930,0.1465186623632051
2931,0.1469552275097595
2932,0.14763962273745096
2933,0.14878993752641465
2934,0.1489678736111789
2935,0.13751595672835912
2936,0.12916202528582008
2937,0.12836782201040847
2938,0.12781225272957983
2939,0.12927665596951488
2940,0.13324483711988147
2941,0.13057333650860656
2942,0.1255595237071564
2943,0.1219457540190606
2944,0.1206117231431348
2945,0.12053330417701763
2946,0.1217556044441356
2947,0.12441703490137093
2948,0.1266524332170427
2949,0.1246706588309861
2950,0.12347703130715912
2951,0.1221180352049701
2952,0.12064922493735578
2953,0.11891463921758816
2954,0.11945935199135643
2955,0.12037701882979367
2956,0.12268645875927675
2957,0.12451235298150698
2958,0.12632386609046464
2959,0.12892602617405513
2960,0.13035084731849475
2961,0.13265575312006483
2962,0.1354607457474485
2963,0.1397358649697465
2964,0.14296948927266917
2965,0.14440276207994232
2966,0.14479616217564867
2967,0.14878883503132656
2968,0.15315163608075563
2969,0.15846212073115426
2970,0.16782953090997788
2971,0.1756385539534707
2972,0.1832786372767066
2973,0.1873954240309828
2974,0.19220045697782975
2975,0.20270659674445748
2976,0.21036724493762482
2977,0.2187763276393966
2978,0.22842387603144515
2979,0.2378357143925063
2980,0.24931663233432655
2981,0.2622263897949781
2982,0.27488070477214105
2983,0.28815482849880464
2984,0.2981474077167563
2985,0.30578582031226387
2986,0.3137814822537748
2987,0.3222924672895599
2988,0.3225991098935304
2989,0.33346578401628374
2990,0.3416290470090926
2991,0.3467234866749838
2992,0.3514388846373386
2993,0.3551359520014168
2994,0.35766262425366635
2995,0.35775160696833086
2996,0.35689556833620656
2997,0.3565837954843898
2998,0.3549067594841312
2999,0.35081499184492143
3000,0.3464185804188173
3001,0.34071541991368237
3002,0.33499006848434604
3003,0.3292329937566447
3004,0.3232350061411868
3005,0.3170701457677694
3006,0.3119258926160186
3007,0.3053654395170853
3008,0.29768958416297786
3009,0.2936631797735977
3010,0.2886724062863788
3011,0.28226912583733416
3012,0.2769730962903967
3013,0.2725063221168375
3014,0.26774741746942854
3015,0.2616440954109661
3016,0.2545095863091909
3017,0.2512087631192263
3018,0.24101462680387306
3019,0.23844892126676426
3020,0.2353121105211288
3021,0.23207188921695734
3022,0.22860596518180434
3023,0.2348139391424235
3024,0.23811043008222688
3025,0.24189198379774535
3026,0.2501872031885913
3027,0.2543474371511739
3028,0.25780429855744835
3029,0.26205721020578593
3030,0.2665346603682786
3031,0.2730115381975628
3032,0.27967129782228367
3033,0.2877073950880897
3034,0.2966326114722186
3035,0.3063210778341879
3036,0.31937027704425236
3037,0.3297747925395969
3038,0.3287296539997674
3039,0.3280349679888584
3040,0.3276828430719916
3041,0.30039666861022135
3042,0.2150035807000116
3043,0.18078162542298062
3044,0.15397137769263508
3045,0.1267489631826397
3046,0.11587645606747123
3047,0.10867826805681187
3048,0.10588765113319042
3049,0.10109453185702783
3050,0.09332664532313474
3051,0.08863861903941048
3052,0.08788149477612599
3053,0.08980821424124547
3054,0.0929040097524403
3055,0.0915753407083246
3056,0.0859138027987913
3057,0.08668877584903567
3058,0.09083476883188969
3059,0.09909853695644556
3060,0.10750023017594455
3061,0.11304187749584374
3062,0.11769003381631372
3063,0.123148524260878
3064,0.1275721881525804
3065,0.1259253395815128
3066,0.1257772326600965
3067,0.12901230854338847
3068,0.13452085863011903
3069,0.14003171869066017
3070,0.14551844551560864
3071,0.15522875087598886
3072,0.16479994767944978
3073,0.17518425721253497
3074,0.19072496746563364
3075,0.20691904770779537
3076,0.2199579459181634
3077,0.23622593385773066
3078,0.2520167169732
3079,0.26435875372412765
3080,0.2811477290511903
3081,0.29456233525691605
3082,0.3043387990023768
3083,0.31173518951853074
3084,0.3246296661848547
3085,0.3357411815865342
3086,0.34261734859347986
3087,0.35059292121435426
3088,0.3561181115560736
3089,0.3620217569484195
3090,0.36577630357290414
3091,0.36636034524508354
3092,0.36666875157475415
3093,0.36823760284042784
3094,0.3704743781157796
3095,0.37214359840561423
3096,0.3738497131807552
3097,0.37468791800063994
3098,0.37453727311282903
3099,0.3728246809167362
3100,0.37103481997153215
3101,0.3672840845999611
3102,0.3627809682748617
3103,0.3584211369425596
3104,0.35201210614947376
3105,0.3444132921774914
3106,0.3368591525489789
3107,0.32852912445378374
3108,0.3196187881311536
3109,0.3109840787812726
3110,0.3027174510875329
3111,0.29553654336904595
3112,0.28754619804013076
3113,0.2795664595179929
3114,0.27186314551425644
3115,0.2635123816713339
3116,0.25403098488332126
3117,0.24593448854080313
3118,0.23738492891451338
3119,0.228985722759097
3120,0.22055551330982345
3121,0.21304091367856295
3122,0.20539015871495242
3123,0.19862785567174934
3124,0.19413612991762702
3125,0.19010715705023915
3126,0.188900023065381
3127,0.18779187196704766
3128,0.18743063316773953
3129,0.18727003052101324
3130,0.18796546625564067
3131,0.18867174908671072
3132,0.19122780110407422
3133,0.1945971557030658
3134,0.19829944321503462
3135,0.2013397557795316
3136,0.20547288322884757
3137,0.20915831491478037
3138,0.21418112486769697
3139,0.214760504496773
3140,0.21649982603713586
3141,0.21642362373023527
3142,0.21834065688553528
3143,0.22084827090020095
3144,0.2239985067841193
3145,0.226476699617979
3146,0.231674400310316
3147,0.236622891108884
3148,0.2409516406476771
3149,0.24466371266607922
3150,0.2466419324231169
3151,0.24903357700283607
3152,0.2511806237162854
3153,0.2536882884853675
3154,0.254738102526724
3155,0.2544640952359847
3156,0.2549659339533463
3157,0.25308447563036485
3158,0.25191674387011775
3159,0.24977601588154838
3160,0.2456971919192154
3161,0.2402883998000157
3162,0.23371327283353194
3163,0.22546612852084963
3164,0.21604274957969596
3165,0.20677626084566803
3166,0.1996703325575502
3167,0.19393946971522494
3168,0.19033434891839912
3169,0.18509640855129506
3170,0.18686569523031002
3171,0.18645571252633034
3172,0.1834017559757306
3173,0.19384862368755237
3174,0.2010249405164436
3175,0.20233118246830537
3176,0.20469370724233021
3177,0.20121430705850402
3178,0.19342964863008635
3179,0.18567483119225517
3180,0.18024584788249498
3181,0.17783459015086595
3182,0.17601256296367138
3183,0.16701758399811453
3184,0.15460722977147306
3185,0.14602455162137987
3186,0.1403500363362003
3187,0.14174668392713025
3188,0.1407484647370987
3189,0.1336193662889361
3190,0.12492855680622152
3191,0.11745516662257267
3192,0.10762354154592144
3193,0.08806828919305733
3194,0.06866124952842115
3195,0.05393364569105451
3196,0.04383324287067001
3197,0.03461954438475588
3198,0.02789916906811414
3199,0.029976767492422375
3200,0.03876657489250032
3201,0.05024564365699161
3202,0.056222025055864724
3203,0.05648896724100008
3204,0.06041175637615761
3205,0.06175457465001168
3206,0.061773894534245345
3207,0.06174980250775727
3208,0.06234179206708574
3209,0.061910245683734086
3210,0.06022253017640765
3211,0.057179729997123695
3212,0.06049677606700421
3213,0.06466068668399286
3214,0.0787392611257301
3215,0.09738431288476962
3216,0.11277149107296398
3217,0.13244465742317957
3218,0.1402149116715155
3219,0.14824191578838075
3220,0.16604737556730148
3221,0.18333623148441025
3222,0.201514811402756
3223,0.22052250642144447
3224,0.24241164978739113
3225,0.2599510072616757
3226,0.2807480482313587
3227,0.30090226419309607
3228,0.31715443357360923
3229,0.32850683396718666
3230,0.33583917899756865
3231,0.34764249144295334
3232,0.35603409714594586
3233,0.36186994854084337
3234,0.3575046565253683
3235,0.3550571446973422
3236,0.3575754389673171
3237,0.3639976592206363
3238,0.37064928910426936
3239,0.3783040451022898
3240,0.38502893660771814
3241,0.39086507082721905
3242,0.3989983740570924
3243,0.40638244769524423
3244,0.4142319991323044
3245,0.4227425157898905
3246,0.4297994561794653
3247,0.43505417648751027
3248,0.43375791384586554
3249,0.43309230611201216
3250,0.43092152872848766
3251,0.42492708348848884
3252,0.42665196222642354
3253,0.42673665718918413
3254,0.42710536971110924
3255,0.428268008306925
3256,0.43041497901509895
3257,0.43259893128475546
3258,0.4348830142586648
3259,0.43652288653366067
3260,0.4357527369644324
3261,0.43592605399743356
3262,0.4350465196109087
3263,0.4322431969153081
3264,0.4279987731890513
3265,0.42012139056697245
3266,0.4189071141093257
3267,0.4126271036836666
3268,0.4077774332215784
3269,0.401376098103652
3270,0.39492629187409606
3271,0.39039804178362303
3272,0.3819800159041479
3273,0.3704357559869776
3274,0.3571140795952741
3275,0.3435149835886997
3276,0.33020730131301096
3277,0.3175568961572255
3278,0.30435513699454736
3279,0.29155097014402204
3280,0.2791046145928808
3281,0.2662756779268407
3282,0.2538249782727574
3283,0.24372170350961064
3284,0.23309166737986362
3285,0.22291150488260436
3286,0.21388701621948972
3287,0.20607919729851745
3288,0.20065958368253137
3289,0.19643219987630045
3290,0.1917805940869743
3291,0.18744780902283542
3292,0.18613038105481927
3293,0.18675532611902
3294,0.18917455171700193
3295,0.19157687474823007
3296,0.19552588744058452
3297,0.2010205515257173
3298,0.2099008239488834
3299,0.21982959134534494
3300,0.22947071113897125
3301,0.2416494686420004
3302,0.2547565308184756
3303,0.2685855525256399
3304,0.28186197338210733
3305,0.2962592389336641
3306,0.31038788246874277
3307,0.3237765392786705
3308,0.33663590988365105
3309,0.34875500005041155
3310,0.3610488637201193
3311,0.37177230025580554
3312,0.3819328305275046
3313,0.39051957299548756
3314,0.39742892612233144
3315,0.4039870686312409
3316,0.41283655143043935
3317,0.42157507742522193
3318,0.43076569549622984
3319,0.4397175954625171
3320,0.4484748671964382
3321,0.45668498102413596
3322,0.4644389961358048
3323,0.470986893641923
3324,0.4774574639723809
3325,0.4821264616366734
3326,0.4851294798415442
3327,0.48801331134178544
3328,0.48881308676787466
3329,0.48852395900832235
3330,0.487414003210094
3331,0.48551573484437616
3332,0.4832548836242726
3333,0.48023673141890005
3334,0.47667587475853224
3335,0.4722737541153202
3336,0.4672753851533055
3337,0.4619533018251379
3338,0.45638164111762947
3339,0.4507952261371973
3340,0.446200921508796
3341,0.44173168305915045
3342,0.4348645003127151
3343,0.43027654370024565
3344,0.4231835194694426
3345,0.4164494136230705
3346,0.407450654795086
3347,0.3982417164476889
3348,0.3893629677891718
3349,0.38061540093805557
3350,0.372437052979036
3351,0.3632384014094077
3352,0.3580940654343674
3353,0.34930671274992253
3354,0.3447135341984873
3355,0.34309385147007254
3356,0.33558443705421626
3357,0.3250548757721782
3358,0.31232271417898355
3359,0.3024381450993018
3360,0.29023240514750215
3361,0.2772641984702307
3362,0.260508959832518
3363,0.24421198691391627
3364,0.23019971358936006
3365,0.22118935046518748
3366,0.21265474301562823
3367,0.2073305700885191
3368,0.20301474226780153
3369,0.20028730633161532
3370,0.201886079945181
3371,0.2090838665013977
3372,0.21697222265041022
3373,0.23025680762702386
3374,0.2418129164615071
3375,0.24971789260574373
3376,0.2531323756445151
3377,0.25773402074632096
3378,0.2627067187018919
3379,0.2732186864706433
3380,0.281880376321123
3381,0.2935863429331552
3382,0.3023237592399507
3383,0.31367688225001683
3384,0.32703759132671134
3385,0.34347983804880455
3386,0.36442144609518734
3387,0.3766416727373716
3388,0.38286823605348513
3389,0.3924757691825245
3390,0.3978195150767038
3391,0.3970808804579696
3392,0.3911543096571319
3393,0.3900198181459476
3394,0.3824221158335708
3395,0.3753688359045335
3396,0.36655490150848735
3397,0.3602293623611653
3398,0.353349005054116
3399,0.34931980208899377
3400,0.34213183765748706
3401,0.33485217865625944
3402,0.32802092393179344
3403,0.32172228842459427
3404,0.3161697972257306
3405,0.30921271002160383
3406,0.30173046374091345
3407,0.29447350916211423
3408,0.287655573505124
3409,0.2818282920597299
3410,0.2797706492288108
3411,0.27236141344844794
3412,0.2655275493398767
3413,0.2580093321729032
3414,0.25152983125442707
3415,0.23843660303882933
3416,0.21965545871827785
3417,0.20088922404125026
3418,0.1718196226992653
3419,0.1509964379092755
3420,0.13411232089592304
3421,0.12272933196122894
3422,0.11014351983242957
3423,0.09162147118558721
3424,0.07530505321889776
3425,0.05942430554045095
3426,0.049603994269778885
3427,0.04236452817478041
3428,0.03552219004153336
3429,0.033562690078183674
3430,0.033861104438546195
3431,0.035187376140606595
3432,0.03531190377926825
3433,0.03692292504091376
3434,0.039925096842091924
3435,0.042582084856702875
3436,0.042614331561707325
3437,0.04181227492828998
3438,0.04183906099121402
3439,0.0381803325897846
3440,0.03060404672898624
3441,0.024302002917140693
3442,0.020969463400521964
3443,0.019297950614000033
3444,0.01417202143240204
3445,0.00906607035591438
3446,0.003332402331731886
3447,-0.0004151179829032516
3448,-0.00490343745614869
3449,-0.00928154424877057
3450,-0.012258720089958038
3451,-0.01239134206397572
3452,-0.013449031632681598
3453,-0.008520635354581165
3454,-0.0053504667889383755
3455,-0.00014123663147093724
3456,0.008721019681947608
3457,0.01610939169101108
3458,0.029381713465261472
3459,0.04863602578765354
3460,0.06191758327190586
3461,0.0675647676380907
3462,0.07472594896929904
3463,0.08697431431812819
3464,0.09463286375929535
3465,0.0994532732151881
3466,0.09995493945922541
3467,0.10081948313761314
3468,0.09936441993102632
3469,0.09883873082978704
3470,0.09837103205598087
3471,0.09872054387535328
3472,0.09907704629961783
3473,0.09989985950683375
3474,0.10147039664002536
3475,0.1034918450460996
3476,0.10640539238690078
3477,0.11121748705081491
3478,0.11716916910446339
3479,0.12506711108373583
3480,0.13165873005819156
3481,0.1408116823408034
3482,0.15376411737276674
3483,0.16499685492955096
3484,0.1715591622500058
3485,0.17895089927696498
3486,0.1867036193143515
3487,0.19421301044598588
3488,0.19716181230698263
3489,0.20097525188222945
3490,0.2052572438473407
3491,0.213108589487687
3492,0.21958744179562326
3493,0.22452180508361824
3494,0.23120690308511144
3495,0.2368259534326652
3496,0.23962613270839356
3497,0.24458219269474524
3498,0.24807282952917367
3499,0.25213376445756713
3500,0.25640722304639324
3501,0.2603767280174436
3502,0.2653501289808224
3503,0.26976666281719874
3504,0.27416690414573275
3505,0.2797361840630246
3506,0.28309322435274864
3507,0.28571358407591096
3508,0.2891574707504962
3509,0.29447761398415606
3510,0.2992418410596522
3511,0.30569760265623236
3512,0.3124448085814633
3513,0.3169826801432781
3514,0.3214977105441996
3515,0.32523203399112033
3516,0.32931880573055977
3517,0.3332056846773053
3518,0.3396393734541624
3519,0.3467688655038551
3520,0.3516554196318539
3521,0.3551844339492391
3522,0.357276281129807
3523,0.35660471720121395
3524,0.3538112860583307
3525,0.3499686068348216
3526,0.3478192882826481
3527,0.3451232463723152
3528,0.3400067063834773
3529,0.33406104225365274
3530,0.3264129020241824
3531,0.31849315998200395
3532,0.31125345866337056
3533,0.3056912930177686
3534,0.29902205152598166
3535,0.29421512713863796
3536,0.288458285585288
3537,0.2783216675279628
3538,0.2604410489667854
3539,0.24805302913015811
3540,0.23416271702878227
3541,0.22138667411364019
3542,0.2047587677814208
3543,0.1914675146664257
3544,0.18104781435228642
3545,0.16757337427303323
3546,0.16537915576482676
3547,0.16013429231338214
3548,0.15499916214282322
3549,0.14589061487430258
3550,0.13921326266758696
3551,0.13637891280127606
3552,0.1298656573172273
3553,0.13259682364312586
3554,0.1362660158884927
3555,0.13375793784617812
3556,0.12569442692521657
3557,0.11260534698541846
3558,0.10109963159204441
3559,0.10261297175320608
3560,0.12209623758634808
3561,0.1410677032165791
3562,0.15243131665604917
3563,0.17181132907312868
3564,0.177180888675693
3565,0.1946928469226686
3566,0.21470943510565746
3567,0.23576383563236544
3568,0.25473888081196977
3569,0.2777846380058115
3570,0.2915337804553342
3571,0.3105580845038619
3572,0.33075667118847024
3573,0.3490209256734248
3574,0.36878637515815244
3575,0.3878240160695575
3576,0.40730708793922765
3577,0.42566141295767773
3578,0.43935877625647646
3579,0.44863221984999746
3580,0.44829463926500973
3581,0.4556434363733706
3582,0.45906059414185485
3583,0.4650505324906957
3584,0.4738549848535109
3585,0.48159646454829524
3586,0.4892573955280661
3587,0.48966170980075663
3588,0.48958209347473025
3589,0.48603013470201395
3590,0.4810095520940948
3591,0.4785628572604273
3592,0.47316745296904483
3593,0.47079808970835135
3594,0.4682534292070934
3595,0.46348066494996026
3596,0.4608189225182236
3597,0.45885549785240737
3598,0.4564378170486565
3599,0.453648019442919
3600,0.4502765373530107
3601,0.44578925359303323
3602,0.4418536055348555
3603,0.4365619980806073
3604,0.4321281044981284
3605,0.42838624925585045
3606,0.424531943643374
3607,0.42083021626660455
3608,0.4170920575001798
3609,0.4134603998199091
3610,0.40938762115266014
3611,0.40527354114150865
3612,0.4012092781225639
3613,0.39634941027311854
3614,0.39198573434301737
3615,0.3872701440902234
3616,0.3824491882826682
3617,0.37768646084681223
3618,0.37323243476532736
3619,0.3693259854362361
3620,0.36572882704650733
3621,0.3630320516121211
3622,0.3615741833248027
3623,0.3616556627004111
3624,0.36351822784886784
3625,0.3678519970498989
3626,0.375065741039349
3627,0.3849919546151792
3628,0.3961993199402251
3629,0.40954765935780935
3630,0.4238847707234916
3631,0.43792893554009404
3632,0.4518425725369029
3633,0.45809472541515356
3634,0.4657050032593742
3635,0.4745919973226335
3636,0.48383097699153327
3637,0.4919748327281622
3638,0.49926600429139706
3639,0.5051953587890294
3640,0.5103957817343482
3641,0.5145121470478032
3642,0.516233514808471
3643,0.51782276103578
3644,0.5175576853796545
3645,0.5179061762234771
3646,0.5180455279661623
3647,0.5178602251769326
3648,0.5175192355503738
3649,0.516404747521057
3650,0.5143855157080229
3651,0.5122849719189073
3652,0.5095777758181952
3653,0.5068721917200735
3654,0.5034655797569376
3655,0.4994959638784931
3656,0.4953682211202258
3657,0.49060460300674585
3658,0.4856995964128548
3659,0.4803905604041076
3660,0.4742260756858313
3661,0.46745529777433426
3662,0.46029612851640783
3663,0.45248780934099697
3664,0.44447264548860627
3665,0.4363641119179341
3666,0.42949298158811333
3667,0.4214008718745829
3668,0.41326628426722084
3669,0.4044596590679541
3670,0.3975186526858928
3671,0.3894784835242068
3672,0.3791148516283502
3673,0.3669965542610641
3674,0.3539926834836965
3675,0.34120344432461375
3676,0.32700162468772553
3677,0.31179003609432315
3678,0.29482991150790966
3679,0.2770334463860296
3680,0.2578886514330168
3681,0.23819187134868644
3682,0.21692051905265713
3683,0.19522846091234336
3684,0.1731722783836567
3685,0.15310666012274257
3686,0.1367965036069904
3687,0.12063944814390451
3688,0.1121851877183204
3689,0.10616573265535674
3690,0.09447258446736759
3691,0.08897839599208238
3692,0.08390102515008552
3693,0.08799846171638499
3694,0.09786507942600636
3695,0.1094722524802406
3696,0.13585509828626716
3697,0.15323710098486956
3698,0.1510087971912477
3699,0.16870075737063386
3700,0.15864741299909618
3701,0.161791841817698
3702,0.15376682511660125
3703,0.1475573739306159
3704,0.13244774723157304
3705,0.11504401954119721
3706,0.11172265909027072
3707,0.1067274731424466
3708,0.10992758067564105
3709,0.10932889605097089
3710,0.11462322797216126
3711,0.11498881641289001
3712,0.11276719534465883
3713,0.10954570705847108
3714,0.11062635097571825
3715,0.11158184532114712
3716,0.11038070688362238
3717,0.10857369147852887
3718,0.10341273548663292
3719,0.10058835181084556
3720,0.10232771020645755
3721,0.10350876675313857
3722,0.10512172691492613
3723,0.113936094286583
3724,0.11863849000103828
3725,0.12114090716637362
3726,0.1245607475305027
3727,0.12759118004200568
3728,0.13603310238283664
3729,0.14633406605813715
3730,0.16177000020242085
3731,0.178475884386622
3732,0.1951281865297558
3733,0.20582861237703146
3734,0.2120685838710947
3735,0.21248162155730096
3736,0.2069425024658074
3737,0.20384273546434806
3738,0.2010723541053312
3739,0.19998285545984879
3740,0.19466853033371068
3741,0.18990741504500594
3742,0.18432169326480938
3743,0.17670675439708247
3744,0.17303636386456214
3745,0.16908757089044824
3746,0.16661956962005883
3747,0.1639643529984644
3748,0.16136041809899723
3749,0.15819125120661873
3750,0.15654142086567127
3751,0.15443694234492106
3752,0.15252847776430323
3753,0.1509535432614963
3754,0.15016016335095383
3755,0.15105694811638123
3756,0.15217321803944098
3757,0.15896648409212139
3758,0.17110992192211713
3759,0.18266638207085578
3760,0.19043532607446542
3761,0.18378516604324757
3762,0.17948585927190738
3763,0.180334842587849
3764,0.1852968421418577
3765,0.19110109907695536
3766,0.19592483449980988
3767,0.19821102378276106
3768,0.2012023926898481
3769,0.20408632541867924
3770,0.20289501960061762
3771,0.20369517080672495
3772,0.2037502011551073
3773,0.20437013902138446
3774,0.20643679784093177
3775,0.2063251569929436
3776,0.2072351114869751
3777,0.20920612103029165
3778,0.21245930736836907
3779,0.21607103194478003
3780,0.21966872892940534
3781,0.2229211609551369
3782,0.22756573822552595
3783,0.23054948435135966
3784,0.23163812576461731
3785,0.23474086213629725
3786,0.2395451202490876
3787,0.24397888759884176
3788,0.24796832152144654
3789,0.25242783314290157
3790,0.2565399767505729
3791,0.25507170307717864
3792,0.2557903236218123
3793,0.25383140081698524
3794,0.25371704475333223
3795,0.2542559256822826
3796,0.2529633225731041
3797,0.24934728021179245
3798,0.24420614235337773
3799,0.23709572847452012
3800,0.22883904699340377
3801,0.22084595616478123
3802,0.21246891188247016
3803,0.20680689932185187
3804,0.19795193223394503
3805,0.18999425392651145
3806,0.18221337244069283
3807,0.17409630802856027
3808,0.1657559008981468
3809,0.15997231447643104
3810,0.15409961396050215
3811,0.1489318361495339
3812,0.1410836588949569
3813,0.1317906632683033
3814,0.12084263970976093
3815,0.11238777113388784
3816,0.10605654948354314
3817,0.09938882187334984
3818,0.09394082915355077
3819,0.08443618194315808
3820,0.08066392778282021
3821,0.07545440243865442
3822,0.07400940720501553
3823,0.07099559146925355
3824,0.07049658513648
3825,0.07028183086121523
3826,0.07418668663842161
3827,0.07930936555710312
3828,0.08409988082253415
3829,0.0906090761810614
3830,0.09673713847934853
3831,0.10022242419910023
3832,0.10071897938392302
3833,0.09848613958359133
3834,0.0982889168305393
3835,0.0986254562961543
3836,0.09783209925588922
3837,0.09339428859865873
3838,0.0911357897251766
3839,0.08989992722950321
3840,0.08792187368206815
3841,0.08728929534909524
3842,0.08722459853645585
3843,0.0886728733860433
3844,0.09113982565627891
3845,0.09464857324734753
3846,0.10094702632844729
3847,0.10709815668858433
3848,0.11184603006150187
3849,0.11829197091205611
3850,0.12398813843387252
3851,0.127344131113333
3852,0.13234131884841094
3853,0.13715027483333544
3854,0.14441544757036698
3855,0.1556226124934519
3856,0.15852844547993672
3857,0.15889367023079368
3858,0.1460045085788602
3859,0.13664775511968147
3860,0.12885653192439467
3861,0.12695313860871799
3862,0.12538213216203728
3863,0.121128034507774
3864,0.10978915091216068
3865,0.10406291292489435
3866,0.10277148317045634
3867,0.10098980545711629
3868,0.09780603855191851
3869,0.09343429832073866
3870,0.0921544314662963
3871,0.0923637084316286
3872,0.09362698185482772
3873,0.09350629694943033
3874,0.09434515749260605
3875,0.09542075061343765
3876,0.0965098493468298
3877,0.097299729578729
3878,0.09844916102540326
3879,0.09895742809154116
3880,0.09996474558685624
3881,0.0987894889544854
3882,0.09703053676372163
3883,0.09505661617476524
3884,0.09133770516282542
3885,0.0880351573311674
3886,0.08437279005753612
3887,0.0826659913959638
3888,0.08207615689150226
3889,0.08241938110807284
3890,0.08674722384145597
3891,0.08727194304755634
3892,0.0867097412176963
3893,0.08686809284020001
3894,0.08677231943709286
3895,0.0869268172233981
3896,0.08780599438342497
3897,0.08995268671867696
3898,0.09194945442685844
3899,0.0904221391720271
3900,0.0876321206231015
3901,0.08717315934279905
3902,0.08488841791260732
3903,0.09221491723557829
3904,0.09453627480780294
3905,0.09457781069230221
3906,0.0932963513375796
3907,0.09172008866020355
3908,0.09331089276267561
3909,0.09716721002065737
3910,0.10408707871872812
3911,0.1076409996688225
3912,0.10905448338068446
3913,0.10968453879669787
3914,0.10862233690804861
3915,0.1082391517846662
3916,0.10951199622514779
3917,0.11275909284555719
3918,0.11481133793475418
3919,0.11017342249825182
3920,0.1064880314017043
3921,0.09916123988241791
3922,0.09402877894863103
3923,0.09178555068700857
3924,0.08997816460800674
3925,0.08970079791452289
3926,0.09000758778699235
3927,0.09236081446198814
3928,0.09455527292128703
3929,0.09646594802352852
3930,0.09923083292375594
3931,0.10249689448007188
3932,0.1041028781181045
3933,0.10659711183210945
3934,0.10879746021573755
3935,0.11061443585312791
3936,0.10993910214728247
3937,0.11025825137979764
3938,0.11594928512394422
3939,0.11033147773966087
3940,0.10180170206610739
3941,0.10593965884474255
3942,0.10553864883100204
3943,0.09742591476019864
3944,0.08279096748414044
3945,0.07528505283591512
3946,0.06522947883913699
3947,0.05919402630582413
3948,0.05370623221709449
3949,0.05215499801698847
3950,0.051320395505062434
3951,0.05320096859572603
3952,0.05559182369093947
3953,0.06122602343721305
3954,0.06760171466068078
3955,0.07634030354604218
3956,0.08511147584109206
3957,0.08748681551034942
3958,0.09127010771544376
3959,0.09923951683487499
3960,0.11908973737893175
3961,0.13788509742169988
3962,0.16366493418950892
3963,0.18491454860316406
3964,0.20738091319992788
3965,0.22180136675715345
3966,0.23442837165286703
3967,0.24302073173461666
3968,0.2522522755740538
3969,0.26352114834926627
3970,0.2756356617414252
3971,0.2862053558933126
3972,0.2886042229557092
3973,0.2854617084404368
3974,0.2822543299526126
3975,0.2754240681364031
3976,0.26860017247114026
3977,0.26168936499554435
3978,0.25781229618227736
3979,0.25283226335599895
3980,0.2487247111221186
3981,0.24752398321166055
3982,0.2443889955513531
3983,0.2426826070063428
3984,0.24069655242302118
3985,0.23947477222391014
3986,0.23695166046716692
3987,0.23507505212970523
3988,0.23599763029999238
3989,0.24215711000385665
3990,0.24596019517068168
3991,0.24420581337527383
3992,0.2396422014831419
3993,0.23691364204798296
3994,0.23788010720026176
3995,0.23850074682463712
3996,0.23656447836795966
3997,0.23512780224697502
3998,0.23509723652783368
3999,0.2340818975312108
4000,0.23528844157148432
4001,0.23651235541562537
4002,0.2291329929613296
4003,0.227554752232384
4004,0.21892355910795824
4005,0.2042714254415343
4006,0.19781362561116503
4007,0.18850581331463548
4008,0.18406218432748644
4009,0.18039996576581105
4010,0.17787832055376582
4011,0.17547154400400192
4012,0.17722605300884378
4013,0.17818500113175445
4014,0.1774001809161866
4015,0.18226753158457948
4016,0.18329555081756968
4017,0.17992624998126927
4018,0.1707804843634283
4019,0.17135175433883695
4020,0.17437930068142482
4021,0.1795612173283142
4022,0.1875023873832329
